date,day_type,is_holiday,is_preholiday,is_transfer_workday,note,source_url
2025-01-01,holiday,1,0,0,Новогодние каникулы,https://www.consultant.ru/law/ref/calendar/proizvodstvennye/2025/
2025-01-02,holiday,1,0,0,Новогодние каникулы,https://www.consultant.ru/law/ref/calendar/proizvodstvennye/2025/
2025-01-03,holiday,1,0,0,Новогодние каникулы,https://www.consultant.ru/law/ref/calendar/proizvodstvennye/2025/
2025-01-04,holiday,1,0,0,Новогодние каникулы,https://www.consultant.ru/law/ref/calendar/proizvodstvennye/2025/
2025-01-05,holiday,1,0,0,Новогодние каникулы,https://www.consultant.ru/law/ref/calendar/proizvodstvennye/2025/
2025-01-06,holiday,1,0,0,Новогодние каникулы,https://www.consultant.ru/law/ref/calendar/proizvodstvennye/2025/
2025-01-07,holiday,1,0,0,Рождество Христово,https://www.consultant.ru/law/ref/calendar/proizvodstvennye/2025/
2025-01-08,holiday,1,0,0,Новогодние каникулы,https://www.consultant.ru/law/ref/calendar/proizvodstvennye/2025/
2025-01-09,workday,0,0,0,,https://www.consultant.ru/law/ref/calendar/proizvodstvennye/2025/
2025-01-10,workday,0,0,0,,https://www.consultant.ru/law/ref/calendar/proizvodstvennye/2025/
2025-01-11,saturday,0,0,0,,https://www.consultant.ru/law/ref/calendar/proizvodstvennye/2025/
2025-01-12,sunday,0,0,0,,https://www.consultant.ru/law/ref/calendar/proizvodstvennye/2025/
2025-01-13,workday,0,0,0,,https://www.consultant.ru/law/ref/calendar/proizvodstvennye/2025/
2025-01-14,workday,0,0,0,,https://www.consultant.ru/law/ref/calendar/proizvodstvennye/2025/
2025-01-15,workday,0,0,0,,https://www.consultant.ru/law/ref/calendar/proizvodstvennye/2025/
2025-01-16,workday,0,0,0,,https://www.consultant.ru/law/ref/calendar/proizvodstvennye/2025/
2025-01-17,workday,0,0,0,,https://www.consultant.ru/law/ref/calendar/proizvodstvennye/2025/
2025-01-18,saturday,0,0,0,,https://www.consultant.ru/law/ref/calendar/proizvodstvennye/2025/
2025-01-19,sunday,0,0,0,,https://www.consultant.ru/law/ref/calendar/proizvodstvennye/2025/
2025-01-20,workday,0,0,0,,https://www.consultant.ru/law/ref/calendar/proizvodstvennye/2025/
2025-01-21,workday,0,0,0,,https://www.consultant.ru/law/ref/calendar/proizvodstvennye/2025/
2025-01-22,workday,0,0,0,,https://www.consultant.ru/law/ref/calendar/proizvodstvennye/2025/
2025-01-23,workday,0,0,0,,https://www.consultant.ru/law/ref/calendar/proizvodstvennye/2025/
2025-01-24,workday,0,0,0,,https://www.consultant.ru/law/ref/calendar/proizvodstvennye/2025/
2025-01-25,saturday,0,0,0,,https://www.consultant.ru/law/ref/calendar/proizvodstvennye/2025/
2025-01-26,sunday,0,0,0,,https://www.consultant.ru/law/ref/calendar/proizvodstvennye/2025/
2025-01-27,workday,0,0,0,,https://www.consultant.ru/law/ref/calendar/proizvodstvennye/2025/
2025-01-28,workday,0,0,0,,https://www.consultant.ru/law/ref/calendar/proizvodstvennye/2025/
2025-01-29,workday,0,0,0,,https://www.consultant.ru/law/ref/calendar/proizvodstvennye/2025/
2025-01-30,workday,0,0,0,,https://www.consultant.ru/law/ref/calendar/proizvodstvennye/2025/
2025-01-31,workday,0,0,0,,https://www.consultant.ru/law/ref/calendar/proizvodstvennye/2025/
2025-02-01,saturday,0,0,0,,https://www.consultant.ru/law/ref/calendar/proizvodstvennye/2025/
2025-02-02,sunday,0,0,0,,https://www.consultant.ru/law/ref/calendar/proizvodstvennye/2025/
2025-02-03,workday,0,0,0,,https://www.consultant.ru/law/ref/calendar/proizvodstvennye/2025/
2025-02-04,workday,0,0,0,,https://www.consultant.ru/law/ref/calendar/proizvodstvennye/2025/
2025-02-05,workday,0,0,0,,https://www.consultant.ru/law/ref/calendar/proizvodstvennye/2025/
2025-02-06,workday,0,0,0,,https://www.consultant.ru/law/ref/calendar/proizvodstvennye/2025/
2025-02-07,workday,0,0,0,,https://www.consultant.ru/law/ref/calendar/proizvodstvennye/2025/
2025-02-08,saturday,0,0,0,,https://www.consultant.ru/law/ref/calendar/proizvodstvennye/2025/
2025-02-09,sunday,0,0,0,,https://www.consultant.ru/law/ref/calendar/proizvodstvennye/2025/
2025-02-10,workday,0,0,0,,https://www.consultant.ru/law/ref/calendar/proizvodstvennye/2025/
2025-02-11,workday,0,0,0,,https://www.consultant.ru/law/ref/calendar/proizvodstvennye/2025/
2025-02-12,workday,0,0,0,,https://www.consultant.ru/law/ref/calendar/proizvodstvennye/2025/
2025-02-13,workday,0,0,0,,https://www.consultant.ru/law/ref/calendar/proizvodstvennye/2025/
2025-02-14,workday,0,0,0,,https://www.consultant.ru/law/ref/calendar/proizvodstvennye/2025/
2025-02-15,saturday,0,0,0,,https://www.consultant.ru/law/ref/calendar/proizvodstvennye/2025/
2025-02-16,sunday,0,0,0,,https://www.consultant.ru/law/ref/calendar/proizvodstvennye/2025/
2025-02-17,workday,0,0,0,,https://www.consultant.ru/law/ref/calendar/proizvodstvennye/2025/
2025-02-18,workday,0,0,0,,https://www.consultant.ru/law/ref/calendar/proizvodstvennye/2025/
2025-02-19,workday,0,0,0,,https://www.consultant.ru/law/ref/calendar/proizvodstvennye/2025/
2025-02-20,workday,0,0,0,,https://www.consultant.ru/law/ref/calendar/proizvodstvennye/2025/
2025-02-21,workday,0,0,0,,https://www.consultant.ru/law/ref/calendar/proizvodstvennye/2025/
2025-02-22,saturday,0,0,0,,https://www.consultant.ru/law/ref/calendar/proizvodstvennye/2025/
2025-02-23,holiday,1,0,0,День защитника Отечества,https://www.consultant.ru/law/ref/calendar/proizvodstvennye/2025/
2025-02-24,workday,0,0,0,,https://www.consultant.ru/law/ref/calendar/proizvodstvennye/2025/
2025-02-25,workday,0,0,0,,https://www.consultant.ru/law/ref/calendar/proizvodstvennye/2025/
2025-02-26,workday,0,0,0,,https://www.consultant.ru/law/ref/calendar/proizvodstvennye/2025/
2025-02-27,workday,0,0,0,,https://www.consultant.ru/law/ref/calendar/proizvodstvennye/2025/
2025-02-28,workday,0,0,0,,https://www.consultant.ru/law/ref/calendar/proizvodstvennye/2025/
2025-03-01,saturday,0,0,0,,https://www.consultant.ru/law/ref/calendar/proizvodstvennye/2025/
2025-03-02,sunday,0,0,0,,https://www.consultant.ru/law/ref/calendar/proizvodstvennye/2025/
2025-03-03,workday,0,0,0,,https://www.consultant.ru/law/ref/calendar/proizvodstvennye/2025/
2025-03-04,workday,0,0,0,,https://www.consultant.ru/law/ref/calendar/proizvodstvennye/2025/
2025-03-05,workday,0,0,0,,https://www.consultant.ru/law/ref/calendar/proizvodstvennye/2025/
2025-03-06,workday,0,0,0,,https://www.consultant.ru/law/ref/calendar/proizvodstvennye/2025/
2025-03-07,workday,0,1,0,предпраздничный день (сокращён на 1 час),https://www.consultant.ru/law/ref/calendar/proizvodstvennye/2025/
2025-03-08,holiday,1,0,0,Международный женский день,https://www.consultant.ru/law/ref/calendar/proizvodstvennye/2025/
2025-03-09,sunday,0,0,0,,https://www.consultant.ru/law/ref/calendar/proizvodstvennye/2025/
2025-03-10,workday,0,0,0,,https://www.consultant.ru/law/ref/calendar/proizvodstvennye/2025/
2025-03-11,workday,0,0,0,,https://www.consultant.ru/law/ref/calendar/proizvodstvennye/2025/
2025-03-12,workday,0,0,0,,https://www.consultant.ru/law/ref/calendar/proizvodstvennye/2025/
2025-03-13,workday,0,0,0,,https://www.consultant.ru/law/ref/calendar/proizvodstvennye/2025/
2025-03-14,workday,0,0,0,,https://www.consultant.ru/law/ref/calendar/proizvodstvennye/2025/
2025-03-15,saturday,0,0,0,,https://www.consultant.ru/law/ref/calendar/proizvodstvennye/2025/
2025-03-16,sunday,0,0,0,,https://www.consultant.ru/law/ref/calendar/proizvodstvennye/2025/
2025-03-17,workday,0,0,0,,https://www.consultant.ru/law/ref/calendar/proizvodstvennye/2025/
2025-03-18,workday,0,0,0,,https://www.consultant.ru/law/ref/calendar/proizvodstvennye/2025/
2025-03-19,workday,0,0,0,,https://www.consultant.ru/law/ref/calendar/proizvodstvennye/2025/
2025-03-20,workday,0,0,0,,https://www.consultant.ru/law/ref/calendar/proizvodstvennye/2025/
2025-03-21,workday,0,0,0,,https://www.consultant.ru/law/ref/calendar/proizvodstvennye/2025/
2025-03-22,saturday,0,0,0,,https://www.consultant.ru/law/ref/calendar/proizvodstvennye/2025/
2025-03-23,sunday,0,0,0,,https://www.consultant.ru/law/ref/calendar/proizvodstvennye/2025/
2025-03-24,workday,0,0,0,,https://www.consultant.ru/law/ref/calendar/proizvodstvennye/2025/
2025-03-25,workday,0,0,0,,https://www.consultant.ru/law/ref/calendar/proizvodstvennye/2025/
2025-03-26,workday,0,0,0,,https://www.consultant.ru/law/ref/calendar/proizvodstvennye/2025/
2025-03-27,workday,0,0,0,,https://www.consultant.ru/law/ref/calendar/proizvodstvennye/2025/
2025-03-28,workday,0,0,0,,https://www.consultant.ru/law/ref/calendar/proizvodstvennye/2025/
2025-03-29,saturday,0,0,0,,https://www.consultant.ru/law/ref/calendar/proizvodstvennye/2025/
2025-03-30,sunday,0,0,0,,https://www.consultant.ru/law/ref/calendar/proizvodstvennye/2025/
2025-03-31,workday,0,0,0,,https://www.consultant.ru/law/ref/calendar/proizvodstvennye/2025/
2025-04-01,workday,0,0,0,,https://www.consultant.ru/law/ref/calendar/proizvodstvennye/2025/
2025-04-02,workday,0,0,0,,https://www.consultant.ru/law/ref/calendar/proizvodstvennye/2025/
2025-04-03,workday,0,0,0,,https://www.consultant.ru/law/ref/calendar/proizvodstvennye/2025/
2025-04-04,workday,0,0,0,,https://www.consultant.ru/law/ref/calendar/proizvodstvennye/2025/
2025-04-05,saturday,0,0,0,,https://www.consultant.ru/law/ref/calendar/proizvodstvennye/2025/
2025-04-06,sunday,0,0,0,,https://www.consultant.ru/law/ref/calendar/proizvodstvennye/2025/
2025-04-07,workday,0,0,0,,https://www.consultant.ru/law/ref/calendar/proizvodstvennye/2025/
2025-04-08,workday,0,0,0,,https://www.consultant.ru/law/ref/calendar/proizvodstvennye/2025/
2025-04-09,workday,0,0,0,,https://www.consultant.ru/law/ref/calendar/proizvodstvennye/2025/
2025-04-10,workday,0,0,0,,https://www.consultant.ru/law/ref/calendar/proizvodstvennye/2025/
2025-04-11,workday,0,0,0,,https://www.consultant.ru/law/ref/calendar/proizvodstvennye/2025/
2025-04-12,saturday,0,0,0,,https://www.consultant.ru/law/ref/calendar/proizvodstvennye/2025/
2025-04-13,sunday,0,0,0,,https://www.consultant.ru/law/ref/calendar/proizvodstvennye/2025/
2025-04-14,workday,0,0,0,,https://www.consultant.ru/law/ref/calendar/proizvodstvennye/2025/
2025-04-15,workday,0,0,0,,https://www.consultant.ru/law/ref/calendar/proizvodstvennye/2025/
2025-04-16,workday,0,0,0,,https://www.consultant.ru/law/ref/calendar/proizvodstvennye/2025/
2025-04-17,workday,0,0,0,,https://www.consultant.ru/law/ref/calendar/proizvodstvennye/2025/
2025-04-18,workday,0,0,0,,https://www.consultant.ru/law/ref/calendar/proizvodstvennye/2025/
2025-04-19,saturday,0,0,0,,https://www.consultant.ru/law/ref/calendar/proizvodstvennye/2025/
2025-04-20,sunday,0,0,0,,https://www.consultant.ru/law/ref/calendar/proizvodstvennye/2025/
2025-04-21,workday,0,0,0,,https://www.consultant.ru/law/ref/calendar/proizvodstvennye/2025/
2025-04-22,workday,0,0,0,,https://www.consultant.ru/law/ref/calendar/proizvodstvennye/2025/
2025-04-23,workday,0,0,0,,https://www.consultant.ru/law/ref/calendar/proizvodstvennye/2025/
2025-04-24,workday,0,0,0,,https://www.consultant.ru/law/ref/calendar/proizvodstvennye/2025/
2025-04-25,workday,0,0,0,,https://www.consultant.ru/law/ref/calendar/proizvodstvennye/2025/
2025-04-26,saturday,0,0,0,,https://www.consultant.ru/law/ref/calendar/proizvodstvennye/2025/
2025-04-27,sunday,0,0,0,,https://www.consultant.ru/law/ref/calendar/proizvodstvennye/2025/
2025-04-28,workday,0,0,0,,https://www.consultant.ru/law/ref/calendar/proizvodstvennye/2025/
2025-04-29,workday,0,0,0,,https://www.consultant.ru/law/ref/calendar/proizvodstvennye/2025/
2025-04-30,workday,0,1,0,предпраздничный день (сокращён на 1 час),https://www.consultant.ru/law/ref/calendar/proizvodstvennye/2025/
2025-05-01,holiday,1,0,0,Праздник Весны и Труда,https://www.consultant.ru/law/ref/calendar/proizvodstvennye/2025/
2025-05-02,holiday,1,0,0,"перенесённый выходной (с субботы 4 января), Пост. Правительства РФ №1335 от 04.10.2024",https://www.consultant.ru/law/ref/calendar/proizvodstvennye/2025/
2025-05-03,saturday,0,0,0,,https://www.consultant.ru/law/ref/calendar/proizvodstvennye/2025/
2025-05-04,sunday,0,0,0,,https://www.consultant.ru/law/ref/calendar/proizvodstvennye/2025/
2025-05-05,workday,0,0,0,,https://www.consultant.ru/law/ref/calendar/proizvodstvennye/2025/
2025-05-06,workday,0,0,0,,https://www.consultant.ru/law/ref/calendar/proizvodstvennye/2025/
2025-05-07,workday,0,0,0,,https://www.consultant.ru/law/ref/calendar/proizvodstvennye/2025/
2025-05-08,holiday,1,0,0,"перенесённый выходной (с воскресенья 23 февраля), Пост. Правительства РФ №1335 от 04.10.2024",https://www.consultant.ru/law/ref/calendar/proizvodstvennye/2025/
2025-05-09,holiday,1,0,0,День Победы,https://www.consultant.ru/law/ref/calendar/proizvodstvennye/2025/
2025-05-10,saturday,0,0,0,,https://www.consultant.ru/law/ref/calendar/proizvodstvennye/2025/
2025-05-11,sunday,0,0,0,,https://www.consultant.ru/law/ref/calendar/proizvodstvennye/2025/
2025-05-12,workday,0,0,0,,https://www.consultant.ru/law/ref/calendar/proizvodstvennye/2025/
2025-05-13,workday,0,0,0,,https://www.consultant.ru/law/ref/calendar/proizvodstvennye/2025/
2025-05-14,workday,0,0,0,,https://www.consultant.ru/law/ref/calendar/proizvodstvennye/2025/
2025-05-15,workday,0,0,0,,https://www.consultant.ru/law/ref/calendar/proizvodstvennye/2025/
2025-05-16,workday,0,0,0,,https://www.consultant.ru/law/ref/calendar/proizvodstvennye/2025/
2025-05-17,saturday,0,0,0,,https://www.consultant.ru/law/ref/calendar/proizvodstvennye/2025/
2025-05-18,sunday,0,0,0,,https://www.consultant.ru/law/ref/calendar/proizvodstvennye/2025/
2025-05-19,workday,0,0,0,,https://www.consultant.ru/law/ref/calendar/proizvodstvennye/2025/
2025-05-20,workday,0,0,0,,https://www.consultant.ru/law/ref/calendar/proizvodstvennye/2025/
2025-05-21,workday,0,0,0,,https://www.consultant.ru/law/ref/calendar/proizvodstvennye/2025/
2025-05-22,workday,0,0,0,,https://www.consultant.ru/law/ref/calendar/proizvodstvennye/2025/
2025-05-23,workday,0,0,0,,https://www.consultant.ru/law/ref/calendar/proizvodstvennye/2025/
2025-05-24,saturday,0,0,0,,https://www.consultant.ru/law/ref/calendar/proizvodstvennye/2025/
2025-05-25,sunday,0,0,0,,https://www.consultant.ru/law/ref/calendar/proizvodstvennye/2025/
2025-05-26,workday,0,0,0,,https://www.consultant.ru/law/ref/calendar/proizvodstvennye/2025/
2025-05-27,workday,0,0,0,,https://www.consultant.ru/law/ref/calendar/proizvodstvennye/2025/
2025-05-28,workday,0,0,0,,https://www.consultant.ru/law/ref/calendar/proizvodstvennye/2025/
2025-05-29,workday,0,0,0,,https://www.consultant.ru/law/ref/calendar/proizvodstvennye/2025/
2025-05-30,workday,0,0,0,,https://www.consultant.ru/law/ref/calendar/proizvodstvennye/2025/
2025-05-31,saturday,0,0,0,,https://www.consultant.ru/law/ref/calendar/proizvodstvennye/2025/
2025-06-01,sunday,0,0,0,,https://www.consultant.ru/law/ref/calendar/proizvodstvennye/2025/
2025-06-02,workday,0,0,0,,https://www.consultant.ru/law/ref/calendar/proizvodstvennye/2025/
2025-06-03,workday,0,0,0,,https://www.consultant.ru/law/ref/calendar/proizvodstvennye/2025/
2025-06-04,workday,0,0,0,,https://www.consultant.ru/law/ref/calendar/proizvodstvennye/2025/
2025-06-05,workday,0,0,0,,https://www.consultant.ru/law/ref/calendar/proizvodstvennye/2025/
2025-06-06,workday,0,0,0,,https://www.consultant.ru/law/ref/calendar/proizvodstvennye/2025/
2025-06-07,saturday,0,0,0,,https://www.consultant.ru/law/ref/calendar/proizvodstvennye/2025/
2025-06-08,sunday,0,0,0,,https://www.consultant.ru/law/ref/calendar/proizvodstvennye/2025/
2025-06-09,workday,0,0,0,,https://www.consultant.ru/law/ref/calendar/proizvodstvennye/2025/
2025-06-10,workday,0,0,0,,https://www.consultant.ru/law/ref/calendar/proizvodstvennye/2025/
2025-06-11,workday,0,1,0,предпраздничный день (сокращён на 1 час),https://www.consultant.ru/law/ref/calendar/proizvodstvennye/2025/
2025-06-12,holiday,1,0,0,День России,https://www.consultant.ru/law/ref/calendar/proizvodstvennye/2025/
2025-06-13,holiday,1,0,0,"перенесённый выходной (с субботы 8 марта), Пост. Правительства РФ №1335 от 04.10.2024",https://www.consultant.ru/law/ref/calendar/proizvodstvennye/2025/
2025-06-14,saturday,0,0,0,,https://www.consultant.ru/law/ref/calendar/proizvodstvennye/2025/
2025-06-15,sunday,0,0,0,,https://www.consultant.ru/law/ref/calendar/proizvodstvennye/2025/
2025-06-16,workday,0,0,0,,https://www.consultant.ru/law/ref/calendar/proizvodstvennye/2025/
2025-06-17,workday,0,0,0,,https://www.consultant.ru/law/ref/calendar/proizvodstvennye/2025/
2025-06-18,workday,0,0,0,,https://www.consultant.ru/law/ref/calendar/proizvodstvennye/2025/
2025-06-19,workday,0,0,0,,https://www.consultant.ru/law/ref/calendar/proizvodstvennye/2025/
2025-06-20,workday,0,0,0,,https://www.consultant.ru/law/ref/calendar/proizvodstvennye/2025/
2025-06-21,saturday,0,0,0,,https://www.consultant.ru/law/ref/calendar/proizvodstvennye/2025/
2025-06-22,sunday,0,0,0,,https://www.consultant.ru/law/ref/calendar/proizvodstvennye/2025/
2025-06-23,workday,0,0,0,,https://www.consultant.ru/law/ref/calendar/proizvodstvennye/2025/
2025-06-24,workday,0,0,0,,https://www.consultant.ru/law/ref/calendar/proizvodstvennye/2025/
2025-06-25,workday,0,0,0,,https://www.consultant.ru/law/ref/calendar/proizvodstvennye/2025/
2025-06-26,workday,0,0,0,,https://www.consultant.ru/law/ref/calendar/proizvodstvennye/2025/
2025-06-27,workday,0,0,0,,https://www.consultant.ru/law/ref/calendar/proizvodstvennye/2025/
2025-06-28,saturday,0,0,0,,https://www.consultant.ru/law/ref/calendar/proizvodstvennye/2025/
2025-06-29,sunday,0,0,0,,https://www.consultant.ru/law/ref/calendar/proizvodstvennye/2025/
2025-06-30,workday,0,0,0,,https://www.consultant.ru/law/ref/calendar/proizvodstvennye/2025/
2025-07-01,workday,0,0,0,,https://www.consultant.ru/law/ref/calendar/proizvodstvennye/2025/
2025-07-02,workday,0,0,0,,https://www.consultant.ru/law/ref/calendar/proizvodstvennye/2025/
2025-07-03,workday,0,0,0,,https://www.consultant.ru/law/ref/calendar/proizvodstvennye/2025/
2025-07-04,workday,0,0,0,,https://www.consultant.ru/law/ref/calendar/proizvodstvennye/2025/
2025-07-05,saturday,0,0,0,,https://www.consultant.ru/law/ref/calendar/proizvodstvennye/2025/
2025-07-06,sunday,0,0,0,,https://www.consultant.ru/law/ref/calendar/proizvodstvennye/2025/
2025-07-07,workday,0,0,0,,https://www.consultant.ru/law/ref/calendar/proizvodstvennye/2025/
2025-07-08,workday,0,0,0,,https://www.consultant.ru/law/ref/calendar/proizvodstvennye/2025/
2025-07-09,workday,0,0,0,,https://www.consultant.ru/law/ref/calendar/proizvodstvennye/2025/
2025-07-10,workday,0,0,0,,https://www.consultant.ru/law/ref/calendar/proizvodstvennye/2025/
2025-07-11,workday,0,0,0,,https://www.consultant.ru/law/ref/calendar/proizvodstvennye/2025/
2025-07-12,saturday,0,0,0,,https://www.consultant.ru/law/ref/calendar/proizvodstvennye/2025/
2025-07-13,sunday,0,0,0,,https://www.consultant.ru/law/ref/calendar/proizvodstvennye/2025/
2025-07-14,workday,0,0,0,,https://www.consultant.ru/law/ref/calendar/proizvodstvennye/2025/
2025-07-15,workday,0,0,0,,https://www.consultant.ru/law/ref/calendar/proizvodstvennye/2025/
2025-07-16,workday,0,0,0,,https://www.consultant.ru/law/ref/calendar/proizvodstvennye/2025/
2025-07-17,workday,0,0,0,,https://www.consultant.ru/law/ref/calendar/proizvodstvennye/2025/
2025-07-18,workday,0,0,0,,https://www.consultant.ru/law/ref/calendar/proizvodstvennye/2025/
2025-07-19,saturday,0,0,0,,https://www.consultant.ru/law/ref/calendar/proizvodstvennye/2025/
2025-07-20,sunday,0,0,0,,https://www.consultant.ru/law/ref/calendar/proizvodstvennye/2025/
2025-07-21,workday,0,0,0,,https://www.consultant.ru/law/ref/calendar/proizvodstvennye/2025/
2025-07-22,workday,0,0,0,,https://www.consultant.ru/law/ref/calendar/proizvodstvennye/2025/
2025-07-23,workday,0,0,0,,https://www.consultant.ru/law/ref/calendar/proizvodstvennye/2025/
2025-07-24,workday,0,0,0,,https://www.consultant.ru/law/ref/calendar/proizvodstvennye/2025/
2025-07-25,workday,0,0,0,,https://www.consultant.ru/law/ref/calendar/proizvodstvennye/2025/
2025-07-26,saturday,0,0,0,,https://www.consultant.ru/law/ref/calendar/proizvodstvennye/2025/
2025-07-27,sunday,0,0,0,,https://www.consultant.ru/law/ref/calendar/proizvodstvennye/2025/
2025-07-28,workday,0,0,0,,https://www.consultant.ru/law/ref/calendar/proizvodstvennye/2025/
2025-07-29,workday,0,0,0,,https://www.consultant.ru/law/ref/calendar/proizvodstvennye/2025/
2025-07-30,workday,0,0,0,,https://www.consultant.ru/law/ref/calendar/proizvodstvennye/2025/
2025-07-31,workday,0,0,0,,https://www.consultant.ru/law/ref/calendar/proizvodstvennye/2025/
2025-08-01,workday,0,0,0,,https://www.consultant.ru/law/ref/calendar/proizvodstvennye/2025/
2025-08-02,saturday,0,0,0,,https://www.consultant.ru/law/ref/calendar/proizvodstvennye/2025/
2025-08-03,sunday,0,0,0,,https://www.consultant.ru/law/ref/calendar/proizvodstvennye/2025/
2025-08-04,workday,0,0,0,,https://www.consultant.ru/law/ref/calendar/proizvodstvennye/2025/
2025-08-05,workday,0,0,0,,https://www.consultant.ru/law/ref/calendar/proizvodstvennye/2025/
2025-08-06,workday,0,0,0,,https://www.consultant.ru/law/ref/calendar/proizvodstvennye/2025/
2025-08-07,workday,0,0,0,,https://www.consultant.ru/law/ref/calendar/proizvodstvennye/2025/
2025-08-08,workday,0,0,0,,https://www.consultant.ru/law/ref/calendar/proizvodstvennye/2025/
2025-08-09,saturday,0,0,0,,https://www.consultant.ru/law/ref/calendar/proizvodstvennye/2025/
2025-08-10,sunday,0,0,0,,https://www.consultant.ru/law/ref/calendar/proizvodstvennye/2025/
2025-08-11,workday,0,0,0,,https://www.consultant.ru/law/ref/calendar/proizvodstvennye/2025/
2025-08-12,workday,0,0,0,,https://www.consultant.ru/law/ref/calendar/proizvodstvennye/2025/
2025-08-13,workday,0,0,0,,https://www.consultant.ru/law/ref/calendar/proizvodstvennye/2025/
2025-08-14,workday,0,0,0,,https://www.consultant.ru/law/ref/calendar/proizvodstvennye/2025/
2025-08-15,workday,0,0,0,,https://www.consultant.ru/law/ref/calendar/proizvodstvennye/2025/
2025-08-16,saturday,0,0,0,,https://www.consultant.ru/law/ref/calendar/proizvodstvennye/2025/
2025-08-17,sunday,0,0,0,,https://www.consultant.ru/law/ref/calendar/proizvodstvennye/2025/
2025-08-18,workday,0,0,0,,https://www.consultant.ru/law/ref/calendar/proizvodstvennye/2025/
2025-08-19,workday,0,0,0,,https://www.consultant.ru/law/ref/calendar/proizvodstvennye/2025/
2025-08-20,workday,0,0,0,,https://www.consultant.ru/law/ref/calendar/proizvodstvennye/2025/
2025-08-21,workday,0,0,0,,https://www.consultant.ru/law/ref/calendar/proizvodstvennye/2025/
2025-08-22,workday,0,0,0,,https://www.consultant.ru/law/ref/calendar/proizvodstvennye/2025/
2025-08-23,saturday,0,0,0,,https://www.consultant.ru/law/ref/calendar/proizvodstvennye/2025/
2025-08-24,sunday,0,0,0,,https://www.consultant.ru/law/ref/calendar/proizvodstvennye/2025/
2025-08-25,workday,0,0,0,,https://www.consultant.ru/law/ref/calendar/proizvodstvennye/2025/
2025-08-26,workday,0,0,0,,https://www.consultant.ru/law/ref/calendar/proizvodstvennye/2025/
2025-08-27,workday,0,0,0,,https://www.consultant.ru/law/ref/calendar/proizvodstvennye/2025/
2025-08-28,workday,0,0,0,,https://www.consultant.ru/law/ref/calendar/proizvodstvennye/2025/
2025-08-29,workday,0,0,0,,https://www.consultant.ru/law/ref/calendar/proizvodstvennye/2025/
2025-08-30,saturday,0,0,0,,https://www.consultant.ru/law/ref/calendar/proizvodstvennye/2025/
2025-08-31,sunday,0,0,0,,https://www.consultant.ru/law/ref/calendar/proizvodstvennye/2025/
2025-09-01,workday,0,0,0,,https://www.consultant.ru/law/ref/calendar/proizvodstvennye/2025/
2025-09-02,workday,0,0,0,,https://www.consultant.ru/law/ref/calendar/proizvodstvennye/2025/
2025-09-03,workday,0,0,0,,https://www.consultant.ru/law/ref/calendar/proizvodstvennye/2025/
2025-09-04,workday,0,0,0,,https://www.consultant.ru/law/ref/calendar/proizvodstvennye/2025/
2025-09-05,workday,0,0,0,,https://www.consultant.ru/law/ref/calendar/proizvodstvennye/2025/
2025-09-06,saturday,0,0,0,,https://www.consultant.ru/law/ref/calendar/proizvodstvennye/2025/
2025-09-07,sunday,0,0,0,,https://www.consultant.ru/law/ref/calendar/proizvodstvennye/2025/
2025-09-08,workday,0,0,0,,https://www.consultant.ru/law/ref/calendar/proizvodstvennye/2025/
2025-09-09,workday,0,0,0,,https://www.consultant.ru/law/ref/calendar/proizvodstvennye/2025/
2025-09-10,workday,0,0,0,,https://www.consultant.ru/law/ref/calendar/proizvodstvennye/2025/
2025-09-11,workday,0,0,0,,https://www.consultant.ru/law/ref/calendar/proizvodstvennye/2025/
2025-09-12,workday,0,0,0,,https://www.consultant.ru/law/ref/calendar/proizvodstvennye/2025/
2025-09-13,saturday,0,0,0,,https://www.consultant.ru/law/ref/calendar/proizvodstvennye/2025/
2025-09-14,sunday,0,0,0,,https://www.consultant.ru/law/ref/calendar/proizvodstvennye/2025/
2025-09-15,workday,0,0,0,,https://www.consultant.ru/law/ref/calendar/proizvodstvennye/2025/
2025-09-16,workday,0,0,0,,https://www.consultant.ru/law/ref/calendar/proizvodstvennye/2025/
2025-09-17,workday,0,0,0,,https://www.consultant.ru/law/ref/calendar/proizvodstvennye/2025/
2025-09-18,workday,0,0,0,,https://www.consultant.ru/law/ref/calendar/proizvodstvennye/2025/
2025-09-19,workday,0,0,0,,https://www.consultant.ru/law/ref/calendar/proizvodstvennye/2025/
2025-09-20,saturday,0,0,0,,https://www.consultant.ru/law/ref/calendar/proizvodstvennye/2025/
2025-09-21,sunday,0,0,0,,https://www.consultant.ru/law/ref/calendar/proizvodstvennye/2025/
2025-09-22,workday,0,0,0,,https://www.consultant.ru/law/ref/calendar/proizvodstvennye/2025/
2025-09-23,workday,0,0,0,,https://www.consultant.ru/law/ref/calendar/proizvodstvennye/2025/
2025-09-24,workday,0,0,0,,https://www.consultant.ru/law/ref/calendar/proizvodstvennye/2025/
2025-09-25,workday,0,0,0,,https://www.consultant.ru/law/ref/calendar/proizvodstvennye/2025/
2025-09-26,workday,0,0,0,,https://www.consultant.ru/law/ref/calendar/proizvodstvennye/2025/
2025-09-27,saturday,0,0,0,,https://www.consultant.ru/law/ref/calendar/proizvodstvennye/2025/
2025-09-28,sunday,0,0,0,,https://www.consultant.ru/law/ref/calendar/proizvodstvennye/2025/
2025-09-29,workday,0,0,0,,https://www.consultant.ru/law/ref/calendar/proizvodstvennye/2025/
2025-09-30,workday,0,0,0,,https://www.consultant.ru/law/ref/calendar/proizvodstvennye/2025/
2025-10-01,workday,0,0,0,,https://www.consultant.ru/law/ref/calendar/proizvodstvennye/2025/
2025-10-02,workday,0,0,0,,https://www.consultant.ru/law/ref/calendar/proizvodstvennye/2025/
2025-10-03,workday,0,0,0,,https://www.consultant.ru/law/ref/calendar/proizvodstvennye/2025/
2025-10-04,saturday,0,0,0,,https://www.consultant.ru/law/ref/calendar/proizvodstvennye/2025/
2025-10-05,sunday,0,0,0,,https://www.consultant.ru/law/ref/calendar/proizvodstvennye/2025/
2025-10-06,workday,0,0,0,,https://www.consultant.ru/law/ref/calendar/proizvodstvennye/2025/
2025-10-07,workday,0,0,0,,https://www.consultant.ru/law/ref/calendar/proizvodstvennye/2025/
2025-10-08,workday,0,0,0,,https://www.consultant.ru/law/ref/calendar/proizvodstvennye/2025/
2025-10-09,workday,0,0,0,,https://www.consultant.ru/law/ref/calendar/proizvodstvennye/2025/
2025-10-10,workday,0,0,0,,https://www.consultant.ru/law/ref/calendar/proizvodstvennye/2025/
2025-10-11,saturday,0,0,0,,https://www.consultant.ru/law/ref/calendar/proizvodstvennye/2025/
2025-10-12,sunday,0,0,0,,https://www.consultant.ru/law/ref/calendar/proizvodstvennye/2025/
2025-10-13,workday,0,0,0,,https://www.consultant.ru/law/ref/calendar/proizvodstvennye/2025/
2025-10-14,workday,0,0,0,,https://www.consultant.ru/law/ref/calendar/proizvodstvennye/2025/
2025-10-15,workday,0,0,0,,https://www.consultant.ru/law/ref/calendar/proizvodstvennye/2025/
2025-10-16,workday,0,0,0,,https://www.consultant.ru/law/ref/calendar/proizvodstvennye/2025/
2025-10-17,workday,0,0,0,,https://www.consultant.ru/law/ref/calendar/proizvodstvennye/2025/
2025-10-18,saturday,0,0,0,,https://www.consultant.ru/law/ref/calendar/proizvodstvennye/2025/
2025-10-19,sunday,0,0,0,,https://www.consultant.ru/law/ref/calendar/proizvodstvennye/2025/
2025-10-20,workday,0,0,0,,https://www.consultant.ru/law/ref/calendar/proizvodstvennye/2025/
2025-10-21,workday,0,0,0,,https://www.consultant.ru/law/ref/calendar/proizvodstvennye/2025/
2025-10-22,workday,0,0,0,,https://www.consultant.ru/law/ref/calendar/proizvodstvennye/2025/
2025-10-23,workday,0,0,0,,https://www.consultant.ru/law/ref/calendar/proizvodstvennye/2025/
2025-10-24,workday,0,0,0,,https://www.consultant.ru/law/ref/calendar/proizvodstvennye/2025/
2025-10-25,saturday,0,0,0,,https://www.consultant.ru/law/ref/calendar/proizvodstvennye/2025/
2025-10-26,sunday,0,0,0,,https://www.consultant.ru/law/ref/calendar/proizvodstvennye/2025/
2025-10-27,workday,0,0,0,,https://www.consultant.ru/law/ref/calendar/proizvodstvennye/2025/
2025-10-28,workday,0,0,0,,https://www.consultant.ru/law/ref/calendar/proizvodstvennye/2025/
2025-10-29,workday,0,0,0,,https://www.consultant.ru/law/ref/calendar/proizvodstvennye/2025/
2025-10-30,workday,0,0,0,,https://www.consultant.ru/law/ref/calendar/proizvodstvennye/2025/
2025-10-31,workday,0,0,0,,https://www.consultant.ru/law/ref/calendar/proizvodstvennye/2025/
2025-11-01,workday,0,1,1,"перенесённый рабочий день (выходной перенесён на 3 ноября), Пост. Правительства РФ №1335 от 04.10.2024; предпраздничный день (сокращён на 1 час)",https://www.consultant.ru/law/ref/calendar/proizvodstvennye/2025/
2025-11-02,sunday,0,0,0,,https://www.consultant.ru/law/ref/calendar/proizvodstvennye/2025/
2025-11-03,holiday,1,0,0,"перенесённый выходной (с субботы 1 ноября), Пост. Правительства РФ №1335 от 04.10.2024",https://www.consultant.ru/law/ref/calendar/proizvodstvennye/2025/
2025-11-04,holiday,1,0,0,День народного единства,https://www.consultant.ru/law/ref/calendar/proizvodstvennye/2025/
2025-11-05,workday,0,0,0,,https://www.consultant.ru/law/ref/calendar/proizvodstvennye/2025/
2025-11-06,workday,0,0,0,,https://www.consultant.ru/law/ref/calendar/proizvodstvennye/2025/
2025-11-07,workday,0,0,0,,https://www.consultant.ru/law/ref/calendar/proizvodstvennye/2025/
2025-11-08,saturday,0,0,0,,https://www.consultant.ru/law/ref/calendar/proizvodstvennye/2025/
2025-11-09,sunday,0,0,0,,https://www.consultant.ru/law/ref/calendar/proizvodstvennye/2025/
2025-11-10,workday,0,0,0,,https://www.consultant.ru/law/ref/calendar/proizvodstvennye/2025/
2025-11-11,workday,0,0,0,,https://www.consultant.ru/law/ref/calendar/proizvodstvennye/2025/
2025-11-12,workday,0,0,0,,https://www.consultant.ru/law/ref/calendar/proizvodstvennye/2025/
2025-11-13,workday,0,0,0,,https://www.consultant.ru/law/ref/calendar/proizvodstvennye/2025/
2025-11-14,workday,0,0,0,,https://www.consultant.ru/law/ref/calendar/proizvodstvennye/2025/
2025-11-15,saturday,0,0,0,,https://www.consultant.ru/law/ref/calendar/proizvodstvennye/2025/
2025-11-16,sunday,0,0,0,,https://www.consultant.ru/law/ref/calendar/proizvodstvennye/2025/
2025-11-17,workday,0,0,0,,https://www.consultant.ru/law/ref/calendar/proizvodstvennye/2025/
2025-11-18,workday,0,0,0,,https://www.consultant.ru/law/ref/calendar/proizvodstvennye/2025/
2025-11-19,workday,0,0,0,,https://www.consultant.ru/law/ref/calendar/proizvodstvennye/2025/
2025-11-20,workday,0,0,0,,https://www.consultant.ru/law/ref/calendar/proizvodstvennye/2025/
2025-11-21,workday,0,0,0,,https://www.consultant.ru/law/ref/calendar/proizvodstvennye/2025/
2025-11-22,saturday,0,0,0,,https://www.consultant.ru/law/ref/calendar/proizvodstvennye/2025/
2025-11-23,sunday,0,0,0,,https://www.consultant.ru/law/ref/calendar/proizvodstvennye/2025/
2025-11-24,workday,0,0,0,,https://www.consultant.ru/law/ref/calendar/proizvodstvennye/2025/
2025-11-25,workday,0,0,0,,https://www.consultant.ru/law/ref/calendar/proizvodstvennye/2025/
2025-11-26,workday,0,0,0,,https://www.consultant.ru/law/ref/calendar/proizvodstvennye/2025/
2025-11-27,workday,0,0,0,,https://www.consultant.ru/law/ref/calendar/proizvodstvennye/2025/
2025-11-28,workday,0,0,0,,https://www.consultant.ru/law/ref/calendar/proizvodstvennye/2025/
2025-11-29,saturday,0,0,0,,https://www.consultant.ru/law/ref/calendar/proizvodstvennye/2025/
2025-11-30,sunday,0,0,0,,https://www.consultant.ru/law/ref/calendar/proizvodstvennye/2025/
2025-12-01,workday,0,0,0,,https://www.consultant.ru/law/ref/calendar/proizvodstvennye/2025/
2025-12-02,workday,0,0,0,,https://www.consultant.ru/law/ref/calendar/proizvodstvennye/2025/
2025-12-03,workday,0,0,0,,https://www.consultant.ru/law/ref/calendar/proizvodstvennye/2025/
2025-12-04,workday,0,0,0,,https://www.consultant.ru/law/ref/calendar/proizvodstvennye/2025/
2025-12-05,workday,0,0,0,,https://www.consultant.ru/law/ref/calendar/proizvodstvennye/2025/
2025-12-06,saturday,0,0,0,,https://www.consultant.ru/law/ref/calendar/proizvodstvennye/2025/
2025-12-07,sunday,0,0,0,,https://www.consultant.ru/law/ref/calendar/proizvodstvennye/2025/
2025-12-08,workday,0,0,0,,https://www.consultant.ru/law/ref/calendar/proizvodstvennye/2025/
2025-12-09,workday,0,0,0,,https://www.consultant.ru/law/ref/calendar/proizvodstvennye/2025/
2025-12-10,workday,0,0,0,,https://www.consultant.ru/law/ref/calendar/proizvodstvennye/2025/
2025-12-11,workday,0,0,0,,https://www.consultant.ru/law/ref/calendar/proizvodstvennye/2025/
2025-12-12,workday,0,0,0,,https://www.consultant.ru/law/ref/calendar/proizvodstvennye/2025/
2025-12-13,saturday,0,0,0,,https://www.consultant.ru/law/ref/calendar/proizvodstvennye/2025/
2025-12-14,sunday,0,0,0,,https://www.consultant.ru/law/ref/calendar/proizvodstvennye/2025/
2025-12-15,workday,0,0,0,,https://www.consultant.ru/law/ref/calendar/proizvodstvennye/2025/
2025-12-16,workday,0,0,0,,https://www.consultant.ru/law/ref/calendar/proizvodstvennye/2025/
2025-12-17,workday,0,0,0,,https://www.consultant.ru/law/ref/calendar/proizvodstvennye/2025/
2025-12-18,workday,0,0,0,,https://www.consultant.ru/law/ref/calendar/proizvodstvennye/2025/
2025-12-19,workday,0,0,0,,https://www.consultant.ru/law/ref/calendar/proizvodstvennye/2025/
2025-12-20,saturday,0,0,0,,https://www.consultant.ru/law/ref/calendar/proizvodstvennye/2025/
2025-12-21,sunday,0,0,0,,https://www.consultant.ru/law/ref/calendar/proizvodstvennye/2025/
2025-12-22,workday,0,0,0,,https://www.consultant.ru/law/ref/calendar/proizvodstvennye/2025/
2025-12-23,workday,0,0,0,,https://www.consultant.ru/law/ref/calendar/proizvodstvennye/2025/
2025-12-24,workday,0,0,0,,https://www.consultant.ru/law/ref/calendar/proizvodstvennye/2025/
2025-12-25,workday,0,0,0,,https://www.consultant.ru/law/ref/calendar/proizvodstvennye/2025/
2025-12-26,workday,0,0,0,,https://www.consultant.ru/law/ref/calendar/proizvodstvennye/2025/
2025-12-27,saturday,0,0,0,,https://www.consultant.ru/law/ref/calendar/proizvodstvennye/2025/
2025-12-28,sunday,0,0,0,,https://www.consultant.ru/law/ref/calendar/proizvodstvennye/2025/
2025-12-29,workday,0,0,0,,https://www.consultant.ru/law/ref/calendar/proizvodstvennye/2025/
2025-12-30,workday,0,0,0,,https://www.consultant.ru/law/ref/calendar/proizvodstvennye/2025/
2025-12-31,holiday,1,0,0,"перенесённый выходной: изначально с воскресенья 5 января 2025 (Пост. №1335 от 04.10.2024), затем повторно подтверждён переносом с воскресенья 4 января 2026 (Пост. Правительства РФ №1466 от 24.09.2025)",https://www.consultant.ru/law/ref/calendar/proizvodstvennye/2025/
2026-01-01,holiday,1,0,0,Новогодние каникулы,https://www.consultant.ru/law/ref/calendar/proizvodstvennye/2026/
2026-01-02,holiday,1,0,0,Новогодние каникулы,https://www.consultant.ru/law/ref/calendar/proizvodstvennye/2026/
2026-01-03,holiday,1,0,0,Новогодние каникулы,https://www.consultant.ru/law/ref/calendar/proizvodstvennye/2026/
2026-01-04,holiday,1,0,0,Новогодние каникулы,https://www.consultant.ru/law/ref/calendar/proizvodstvennye/2026/
2026-01-05,holiday,1,0,0,Новогодние каникулы,https://www.consultant.ru/law/ref/calendar/proizvodstvennye/2026/
2026-01-06,holiday,1,0,0,Новогодние каникулы,https://www.consultant.ru/law/ref/calendar/proizvodstvennye/2026/
2026-01-07,holiday,1,0,0,Рождество Христово,https://www.consultant.ru/law/ref/calendar/proizvodstvennye/2026/
2026-01-08,holiday,1,0,0,Новогодние каникулы,https://www.consultant.ru/law/ref/calendar/proizvodstvennye/2026/
2026-01-09,holiday,1,0,0,"перенесённый выходной (с субботы 3 января), Пост. Правительства РФ №1466 от 24.09.2025",https://www.consultant.ru/law/ref/calendar/proizvodstvennye/2026/
2026-01-10,saturday,1,0,0,в составе новогодних каникул (31.12.2025-11.01.2026),https://www.consultant.ru/law/ref/calendar/proizvodstvennye/2026/
2026-01-11,sunday,1,0,0,в составе новогодних каникул (31.12.2025-11.01.2026),https://www.consultant.ru/law/ref/calendar/proizvodstvennye/2026/
2026-01-12,workday,0,0,0,,https://www.consultant.ru/law/ref/calendar/proizvodstvennye/2026/
2026-01-13,workday,0,0,0,,https://www.consultant.ru/law/ref/calendar/proizvodstvennye/2026/
2026-01-14,workday,0,0,0,,https://www.consultant.ru/law/ref/calendar/proizvodstvennye/2026/
2026-01-15,workday,0,0,0,,https://www.consultant.ru/law/ref/calendar/proizvodstvennye/2026/
2026-01-16,workday,0,0,0,,https://www.consultant.ru/law/ref/calendar/proizvodstvennye/2026/
2026-01-17,saturday,0,0,0,,https://www.consultant.ru/law/ref/calendar/proizvodstvennye/2026/
2026-01-18,sunday,0,0,0,,https://www.consultant.ru/law/ref/calendar/proizvodstvennye/2026/
2026-01-19,workday,0,0,0,,https://www.consultant.ru/law/ref/calendar/proizvodstvennye/2026/
2026-01-20,workday,0,0,0,,https://www.consultant.ru/law/ref/calendar/proizvodstvennye/2026/
2026-01-21,workday,0,0,0,,https://www.consultant.ru/law/ref/calendar/proizvodstvennye/2026/
2026-01-22,workday,0,0,0,,https://www.consultant.ru/law/ref/calendar/proizvodstvennye/2026/
2026-01-23,workday,0,0,0,,https://www.consultant.ru/law/ref/calendar/proizvodstvennye/2026/
2026-01-24,saturday,0,0,0,,https://www.consultant.ru/law/ref/calendar/proizvodstvennye/2026/
2026-01-25,sunday,0,0,0,,https://www.consultant.ru/law/ref/calendar/proizvodstvennye/2026/
2026-01-26,workday,0,0,0,,https://www.consultant.ru/law/ref/calendar/proizvodstvennye/2026/
2026-01-27,workday,0,0,0,,https://www.consultant.ru/law/ref/calendar/proizvodstvennye/2026/
2026-01-28,workday,0,0,0,,https://www.consultant.ru/law/ref/calendar/proizvodstvennye/2026/
2026-01-29,workday,0,0,0,,https://www.consultant.ru/law/ref/calendar/proizvodstvennye/2026/
2026-01-30,workday,0,0,0,,https://www.consultant.ru/law/ref/calendar/proizvodstvennye/2026/
2026-01-31,saturday,0,0,0,,https://www.consultant.ru/law/ref/calendar/proizvodstvennye/2026/
2026-02-01,sunday,0,0,0,,https://www.consultant.ru/law/ref/calendar/proizvodstvennye/2026/
2026-02-02,workday,0,0,0,,https://www.consultant.ru/law/ref/calendar/proizvodstvennye/2026/
2026-02-03,workday,0,0,0,,https://www.consultant.ru/law/ref/calendar/proizvodstvennye/2026/
2026-02-04,workday,0,0,0,,https://www.consultant.ru/law/ref/calendar/proizvodstvennye/2026/
2026-02-05,workday,0,0,0,,https://www.consultant.ru/law/ref/calendar/proizvodstvennye/2026/
2026-02-06,workday,0,0,0,,https://www.consultant.ru/law/ref/calendar/proizvodstvennye/2026/
2026-02-07,saturday,0,0,0,,https://www.consultant.ru/law/ref/calendar/proizvodstvennye/2026/
2026-02-08,sunday,0,0,0,,https://www.consultant.ru/law/ref/calendar/proizvodstvennye/2026/
2026-02-09,workday,0,0,0,,https://www.consultant.ru/law/ref/calendar/proizvodstvennye/2026/
2026-02-10,workday,0,0,0,,https://www.consultant.ru/law/ref/calendar/proizvodstvennye/2026/
2026-02-11,workday,0,0,0,,https://www.consultant.ru/law/ref/calendar/proizvodstvennye/2026/
2026-02-12,workday,0,0,0,,https://www.consultant.ru/law/ref/calendar/proizvodstvennye/2026/
2026-02-13,workday,0,0,0,,https://www.consultant.ru/law/ref/calendar/proizvodstvennye/2026/
2026-02-14,saturday,0,0,0,,https://www.consultant.ru/law/ref/calendar/proizvodstvennye/2026/
2026-02-15,sunday,0,0,0,,https://www.consultant.ru/law/ref/calendar/proizvodstvennye/2026/
2026-02-16,workday,0,0,0,,https://www.consultant.ru/law/ref/calendar/proizvodstvennye/2026/
2026-02-17,workday,0,0,0,,https://www.consultant.ru/law/ref/calendar/proizvodstvennye/2026/
2026-02-18,workday,0,0,0,,https://www.consultant.ru/law/ref/calendar/proizvodstvennye/2026/
2026-02-19,workday,0,0,0,,https://www.consultant.ru/law/ref/calendar/proizvodstvennye/2026/
2026-02-20,workday,0,0,0,,https://www.consultant.ru/law/ref/calendar/proizvodstvennye/2026/
2026-02-21,saturday,0,0,0,,https://www.consultant.ru/law/ref/calendar/proizvodstvennye/2026/
2026-02-22,sunday,0,0,0,,https://www.consultant.ru/law/ref/calendar/proizvodstvennye/2026/
2026-02-23,holiday,1,0,0,День защитника Отечества,https://www.consultant.ru/law/ref/calendar/proizvodstvennye/2026/
2026-02-24,workday,0,0,0,,https://www.consultant.ru/law/ref/calendar/proizvodstvennye/2026/
2026-02-25,workday,0,0,0,,https://www.consultant.ru/law/ref/calendar/proizvodstvennye/2026/
2026-02-26,workday,0,0,0,,https://www.consultant.ru/law/ref/calendar/proizvodstvennye/2026/
2026-02-27,workday,0,0,0,,https://www.consultant.ru/law/ref/calendar/proizvodstvennye/2026/
2026-02-28,saturday,0,0,0,,https://www.consultant.ru/law/ref/calendar/proizvodstvennye/2026/
2026-03-01,sunday,0,0,0,,https://www.consultant.ru/law/ref/calendar/proizvodstvennye/2026/
2026-03-02,workday,0,0,0,,https://www.consultant.ru/law/ref/calendar/proizvodstvennye/2026/
2026-03-03,workday,0,0,0,,https://www.consultant.ru/law/ref/calendar/proizvodstvennye/2026/
2026-03-04,workday,0,0,0,,https://www.consultant.ru/law/ref/calendar/proizvodstvennye/2026/
2026-03-05,workday,0,0,0,,https://www.consultant.ru/law/ref/calendar/proizvodstvennye/2026/
2026-03-06,workday,0,0,0,,https://www.consultant.ru/law/ref/calendar/proizvodstvennye/2026/
2026-03-07,saturday,0,0,0,,https://www.consultant.ru/law/ref/calendar/proizvodstvennye/2026/
2026-03-08,holiday,1,0,0,Международный женский день,https://www.consultant.ru/law/ref/calendar/proizvodstvennye/2026/
2026-03-09,holiday,1,0,0,доп. выходной по ч.2 ст.112 ТК РФ (8 марта выпадает на воскресенье),https://www.consultant.ru/law/ref/calendar/proizvodstvennye/2026/
2026-03-10,workday,0,0,0,,https://www.consultant.ru/law/ref/calendar/proizvodstvennye/2026/
2026-03-11,workday,0,0,0,,https://www.consultant.ru/law/ref/calendar/proizvodstvennye/2026/
2026-03-12,workday,0,0,0,,https://www.consultant.ru/law/ref/calendar/proizvodstvennye/2026/
2026-03-13,workday,0,0,0,,https://www.consultant.ru/law/ref/calendar/proizvodstvennye/2026/
2026-03-14,saturday,0,0,0,,https://www.consultant.ru/law/ref/calendar/proizvodstvennye/2026/
2026-03-15,sunday,0,0,0,,https://www.consultant.ru/law/ref/calendar/proizvodstvennye/2026/
2026-03-16,workday,0,0,0,,https://www.consultant.ru/law/ref/calendar/proizvodstvennye/2026/
2026-03-17,workday,0,0,0,,https://www.consultant.ru/law/ref/calendar/proizvodstvennye/2026/
2026-03-18,workday,0,0,0,,https://www.consultant.ru/law/ref/calendar/proizvodstvennye/2026/
2026-03-19,workday,0,0,0,,https://www.consultant.ru/law/ref/calendar/proizvodstvennye/2026/
2026-03-20,workday,0,0,0,,https://www.consultant.ru/law/ref/calendar/proizvodstvennye/2026/
2026-03-21,saturday,0,0,0,,https://www.consultant.ru/law/ref/calendar/proizvodstvennye/2026/
2026-03-22,sunday,0,0,0,,https://www.consultant.ru/law/ref/calendar/proizvodstvennye/2026/
2026-03-23,workday,0,0,0,,https://www.consultant.ru/law/ref/calendar/proizvodstvennye/2026/
2026-03-24,workday,0,0,0,,https://www.consultant.ru/law/ref/calendar/proizvodstvennye/2026/
2026-03-25,workday,0,0,0,,https://www.consultant.ru/law/ref/calendar/proizvodstvennye/2026/
2026-03-26,workday,0,0,0,,https://www.consultant.ru/law/ref/calendar/proizvodstvennye/2026/
2026-03-27,workday,0,0,0,,https://www.consultant.ru/law/ref/calendar/proizvodstvennye/2026/
2026-03-28,saturday,0,0,0,,https://www.consultant.ru/law/ref/calendar/proizvodstvennye/2026/
2026-03-29,sunday,0,0,0,,https://www.consultant.ru/law/ref/calendar/proizvodstvennye/2026/
2026-03-30,workday,0,0,0,,https://www.consultant.ru/law/ref/calendar/proizvodstvennye/2026/
2026-03-31,workday,0,0,0,,https://www.consultant.ru/law/ref/calendar/proizvodstvennye/2026/
2026-04-01,workday,0,0,0,,https://www.consultant.ru/law/ref/calendar/proizvodstvennye/2026/
2026-04-02,workday,0,0,0,,https://www.consultant.ru/law/ref/calendar/proizvodstvennye/2026/
2026-04-03,workday,0,0,0,,https://www.consultant.ru/law/ref/calendar/proizvodstvennye/2026/
2026-04-04,saturday,0,0,0,,https://www.consultant.ru/law/ref/calendar/proizvodstvennye/2026/
2026-04-05,sunday,0,0,0,,https://www.consultant.ru/law/ref/calendar/proizvodstvennye/2026/
2026-04-06,workday,0,0,0,,https://www.consultant.ru/law/ref/calendar/proizvodstvennye/2026/
2026-04-07,workday,0,0,0,,https://www.consultant.ru/law/ref/calendar/proizvodstvennye/2026/
2026-04-08,workday,0,0,0,,https://www.consultant.ru/law/ref/calendar/proizvodstvennye/2026/
2026-04-09,workday,0,0,0,,https://www.consultant.ru/law/ref/calendar/proizvodstvennye/2026/
2026-04-10,workday,0,0,0,,https://www.consultant.ru/law/ref/calendar/proizvodstvennye/2026/
2026-04-11,saturday,0,0,0,,https://www.consultant.ru/law/ref/calendar/proizvodstvennye/2026/
2026-04-12,sunday,0,0,0,,https://www.consultant.ru/law/ref/calendar/proizvodstvennye/2026/
2026-04-13,workday,0,0,0,,https://www.consultant.ru/law/ref/calendar/proizvodstvennye/2026/
2026-04-14,workday,0,0,0,,https://www.consultant.ru/law/ref/calendar/proizvodstvennye/2026/
2026-04-15,workday,0,0,0,,https://www.consultant.ru/law/ref/calendar/proizvodstvennye/2026/
2026-04-16,workday,0,0,0,,https://www.consultant.ru/law/ref/calendar/proizvodstvennye/2026/
2026-04-17,workday,0,0,0,,https://www.consultant.ru/law/ref/calendar/proizvodstvennye/2026/
2026-04-18,saturday,0,0,0,,https://www.consultant.ru/law/ref/calendar/proizvodstvennye/2026/
2026-04-19,sunday,0,0,0,,https://www.consultant.ru/law/ref/calendar/proizvodstvennye/2026/
2026-04-20,workday,0,0,0,,https://www.consultant.ru/law/ref/calendar/proizvodstvennye/2026/
2026-04-21,workday,0,0,0,,https://www.consultant.ru/law/ref/calendar/proizvodstvennye/2026/
2026-04-22,workday,0,0,0,,https://www.consultant.ru/law/ref/calendar/proizvodstvennye/2026/
2026-04-23,workday,0,0,0,,https://www.consultant.ru/law/ref/calendar/proizvodstvennye/2026/
2026-04-24,workday,0,0,0,,https://www.consultant.ru/law/ref/calendar/proizvodstvennye/2026/
2026-04-25,saturday,0,0,0,,https://www.consultant.ru/law/ref/calendar/proizvodstvennye/2026/
2026-04-26,sunday,0,0,0,,https://www.consultant.ru/law/ref/calendar/proizvodstvennye/2026/
2026-04-27,workday,0,0,0,,https://www.consultant.ru/law/ref/calendar/proizvodstvennye/2026/
2026-04-28,workday,0,0,0,,https://www.consultant.ru/law/ref/calendar/proizvodstvennye/2026/
2026-04-29,workday,0,0,0,,https://www.consultant.ru/law/ref/calendar/proizvodstvennye/2026/
2026-04-30,workday,0,1,0,предпраздничный день (сокращён на 1 час),https://www.consultant.ru/law/ref/calendar/proizvodstvennye/2026/
2026-05-01,holiday,1,0,0,Праздник Весны и Труда,https://www.consultant.ru/law/ref/calendar/proizvodstvennye/2026/
2026-05-02,saturday,0,0,0,,https://www.consultant.ru/law/ref/calendar/proizvodstvennye/2026/
2026-05-03,sunday,0,0,0,,https://www.consultant.ru/law/ref/calendar/proizvodstvennye/2026/
2026-05-04,workday,0,0,0,,https://www.consultant.ru/law/ref/calendar/proizvodstvennye/2026/
2026-05-05,workday,0,0,0,,https://www.consultant.ru/law/ref/calendar/proizvodstvennye/2026/
2026-05-06,workday,0,0,0,,https://www.consultant.ru/law/ref/calendar/proizvodstvennye/2026/
2026-05-07,workday,0,0,0,,https://www.consultant.ru/law/ref/calendar/proizvodstvennye/2026/
2026-05-08,workday,0,1,0,предпраздничный день (сокращён на 1 час),https://www.consultant.ru/law/ref/calendar/proizvodstvennye/2026/
2026-05-09,holiday,1,0,0,День Победы,https://www.consultant.ru/law/ref/calendar/proizvodstvennye/2026/
2026-05-10,sunday,0,0,0,,https://www.consultant.ru/law/ref/calendar/proizvodstvennye/2026/
2026-05-11,holiday,1,0,0,доп. выходной по ч.2 ст.112 ТК РФ (9 мая выпадает на субботу),https://www.consultant.ru/law/ref/calendar/proizvodstvennye/2026/
2026-05-12,workday,0,0,0,,https://www.consultant.ru/law/ref/calendar/proizvodstvennye/2026/
2026-05-13,workday,0,0,0,,https://www.consultant.ru/law/ref/calendar/proizvodstvennye/2026/
2026-05-14,workday,0,0,0,,https://www.consultant.ru/law/ref/calendar/proizvodstvennye/2026/
2026-05-15,workday,0,0,0,,https://www.consultant.ru/law/ref/calendar/proizvodstvennye/2026/
2026-05-16,saturday,0,0,0,,https://www.consultant.ru/law/ref/calendar/proizvodstvennye/2026/
2026-05-17,sunday,0,0,0,,https://www.consultant.ru/law/ref/calendar/proizvodstvennye/2026/
2026-05-18,workday,0,0,0,,https://www.consultant.ru/law/ref/calendar/proizvodstvennye/2026/
2026-05-19,workday,0,0,0,,https://www.consultant.ru/law/ref/calendar/proizvodstvennye/2026/
2026-05-20,workday,0,0,0,,https://www.consultant.ru/law/ref/calendar/proizvodstvennye/2026/
2026-05-21,workday,0,0,0,,https://www.consultant.ru/law/ref/calendar/proizvodstvennye/2026/
2026-05-22,workday,0,0,0,,https://www.consultant.ru/law/ref/calendar/proizvodstvennye/2026/
2026-05-23,saturday,0,0,0,,https://www.consultant.ru/law/ref/calendar/proizvodstvennye/2026/
2026-05-24,sunday,0,0,0,,https://www.consultant.ru/law/ref/calendar/proizvodstvennye/2026/
2026-05-25,workday,0,0,0,,https://www.consultant.ru/law/ref/calendar/proizvodstvennye/2026/
2026-05-26,workday,0,0,0,,https://www.consultant.ru/law/ref/calendar/proizvodstvennye/2026/
2026-05-27,workday,0,0,0,,https://www.consultant.ru/law/ref/calendar/proizvodstvennye/2026/
2026-05-28,workday,0,0,0,,https://www.consultant.ru/law/ref/calendar/proizvodstvennye/2026/
2026-05-29,workday,0,0,0,,https://www.consultant.ru/law/ref/calendar/proizvodstvennye/2026/
2026-05-30,saturday,0,0,0,,https://www.consultant.ru/law/ref/calendar/proizvodstvennye/2026/
2026-05-31,sunday,0,0,0,,https://www.consultant.ru/law/ref/calendar/proizvodstvennye/2026/
2026-06-01,workday,0,0,0,,https://www.consultant.ru/law/ref/calendar/proizvodstvennye/2026/
2026-06-02,workday,0,0,0,,https://www.consultant.ru/law/ref/calendar/proizvodstvennye/2026/
2026-06-03,workday,0,0,0,,https://www.consultant.ru/law/ref/calendar/proizvodstvennye/2026/
2026-06-04,workday,0,0,0,,https://www.consultant.ru/law/ref/calendar/proizvodstvennye/2026/
2026-06-05,workday,0,0,0,,https://www.consultant.ru/law/ref/calendar/proizvodstvennye/2026/
2026-06-06,saturday,0,0,0,,https://www.consultant.ru/law/ref/calendar/proizvodstvennye/2026/
2026-06-07,sunday,0,0,0,,https://www.consultant.ru/law/ref/calendar/proizvodstvennye/2026/
2026-06-08,workday,0,0,0,,https://www.consultant.ru/law/ref/calendar/proizvodstvennye/2026/
2026-06-09,workday,0,0,0,,https://www.consultant.ru/law/ref/calendar/proizvodstvennye/2026/
2026-06-10,workday,0,0,0,,https://www.consultant.ru/law/ref/calendar/proizvodstvennye/2026/
2026-06-11,workday,0,1,0,предпраздничный день (сокращён на 1 час),https://www.consultant.ru/law/ref/calendar/proizvodstvennye/2026/
2026-06-12,holiday,1,0,0,День России,https://www.consultant.ru/law/ref/calendar/proizvodstvennye/2026/
2026-06-13,saturday,0,0,0,,https://www.consultant.ru/law/ref/calendar/proizvodstvennye/2026/
2026-06-14,sunday,0,0,0,,https://www.consultant.ru/law/ref/calendar/proizvodstvennye/2026/
2026-06-15,workday,0,0,0,,https://www.consultant.ru/law/ref/calendar/proizvodstvennye/2026/
2026-06-16,workday,0,0,0,,https://www.consultant.ru/law/ref/calendar/proizvodstvennye/2026/
2026-06-17,workday,0,0,0,,https://www.consultant.ru/law/ref/calendar/proizvodstvennye/2026/
2026-06-18,workday,0,0,0,,https://www.consultant.ru/law/ref/calendar/proizvodstvennye/2026/
2026-06-19,workday,0,0,0,,https://www.consultant.ru/law/ref/calendar/proizvodstvennye/2026/
2026-06-20,saturday,0,0,0,,https://www.consultant.ru/law/ref/calendar/proizvodstvennye/2026/
2026-06-21,sunday,0,0,0,,https://www.consultant.ru/law/ref/calendar/proizvodstvennye/2026/
2026-06-22,workday,0,0,0,,https://www.consultant.ru/law/ref/calendar/proizvodstvennye/2026/
2026-06-23,workday,0,0,0,,https://www.consultant.ru/law/ref/calendar/proizvodstvennye/2026/
2026-06-24,workday,0,0,0,,https://www.consultant.ru/law/ref/calendar/proizvodstvennye/2026/
2026-06-25,workday,0,0,0,,https://www.consultant.ru/law/ref/calendar/proizvodstvennye/2026/
2026-06-26,workday,0,0,0,,https://www.consultant.ru/law/ref/calendar/proizvodstvennye/2026/
2026-06-27,saturday,0,0,0,,https://www.consultant.ru/law/ref/calendar/proizvodstvennye/2026/
2026-06-28,sunday,0,0,0,,https://www.consultant.ru/law/ref/calendar/proizvodstvennye/2026/
2026-06-29,workday,0,0,0,,https://www.consultant.ru/law/ref/calendar/proizvodstvennye/2026/
2026-06-30,workday,0,0,0,,https://www.consultant.ru/law/ref/calendar/proizvodstvennye/2026/
2026-07-01,workday,0,0,0,,https://www.consultant.ru/law/ref/calendar/proizvodstvennye/2026/
2026-07-02,workday,0,0,0,,https://www.consultant.ru/law/ref/calendar/proizvodstvennye/2026/
2026-07-03,workday,0,0,0,,https://www.consultant.ru/law/ref/calendar/proizvodstvennye/2026/
2026-07-04,saturday,0,0,0,,https://www.consultant.ru/law/ref/calendar/proizvodstvennye/2026/
2026-07-05,sunday,0,0,0,,https://www.consultant.ru/law/ref/calendar/proizvodstvennye/2026/
2026-07-06,workday,0,0,0,,https://www.consultant.ru/law/ref/calendar/proizvodstvennye/2026/
2026-07-07,workday,0,0,0,,https://www.consultant.ru/law/ref/calendar/proizvodstvennye/2026/
2026-07-08,workday,0,0,0,,https://www.consultant.ru/law/ref/calendar/proizvodstvennye/2026/
2026-07-09,workday,0,0,0,,https://www.consultant.ru/law/ref/calendar/proizvodstvennye/2026/
2026-07-10,workday,0,0,0,,https://www.consultant.ru/law/ref/calendar/proizvodstvennye/2026/
2026-07-11,saturday,0,0,0,,https://www.consultant.ru/law/ref/calendar/proizvodstvennye/2026/
2026-07-12,sunday,0,0,0,,https://www.consultant.ru/law/ref/calendar/proizvodstvennye/2026/
2026-07-13,workday,0,0,0,,https://www.consultant.ru/law/ref/calendar/proizvodstvennye/2026/
2026-07-14,workday,0,0,0,,https://www.consultant.ru/law/ref/calendar/proizvodstvennye/2026/
2026-07-15,workday,0,0,0,,https://www.consultant.ru/law/ref/calendar/proizvodstvennye/2026/
2026-07-16,workday,0,0,0,,https://www.consultant.ru/law/ref/calendar/proizvodstvennye/2026/
2026-07-17,workday,0,0,0,,https://www.consultant.ru/law/ref/calendar/proizvodstvennye/2026/
2026-07-18,saturday,0,0,0,,https://www.consultant.ru/law/ref/calendar/proizvodstvennye/2026/
2026-07-19,sunday,0,0,0,,https://www.consultant.ru/law/ref/calendar/proizvodstvennye/2026/
2026-07-20,workday,0,0,0,,https://www.consultant.ru/law/ref/calendar/proizvodstvennye/2026/
2026-07-21,workday,0,0,0,,https://www.consultant.ru/law/ref/calendar/proizvodstvennye/2026/
2026-07-22,workday,0,0,0,,https://www.consultant.ru/law/ref/calendar/proizvodstvennye/2026/
2026-07-23,workday,0,0,0,,https://www.consultant.ru/law/ref/calendar/proizvodstvennye/2026/
2026-07-24,workday,0,0,0,,https://www.consultant.ru/law/ref/calendar/proizvodstvennye/2026/
2026-07-25,saturday,0,0,0,,https://www.consultant.ru/law/ref/calendar/proizvodstvennye/2026/
2026-07-26,sunday,0,0,0,,https://www.consultant.ru/law/ref/calendar/proizvodstvennye/2026/
2026-07-27,workday,0,0,0,,https://www.consultant.ru/law/ref/calendar/proizvodstvennye/2026/
2026-07-28,workday,0,0,0,,https://www.consultant.ru/law/ref/calendar/proizvodstvennye/2026/
2026-07-29,workday,0,0,0,,https://www.consultant.ru/law/ref/calendar/proizvodstvennye/2026/
2026-07-30,workday,0,0,0,,https://www.consultant.ru/law/ref/calendar/proizvodstvennye/2026/
2026-07-31,workday,0,0,0,,https://www.consultant.ru/law/ref/calendar/proizvodstvennye/2026/
2026-08-01,saturday,0,0,0,,https://www.consultant.ru/law/ref/calendar/proizvodstvennye/2026/
2026-08-02,sunday,0,0,0,,https://www.consultant.ru/law/ref/calendar/proizvodstvennye/2026/
2026-08-03,workday,0,0,0,,https://www.consultant.ru/law/ref/calendar/proizvodstvennye/2026/
2026-08-04,workday,0,0,0,,https://www.consultant.ru/law/ref/calendar/proizvodstvennye/2026/
2026-08-05,workday,0,0,0,,https://www.consultant.ru/law/ref/calendar/proizvodstvennye/2026/
2026-08-06,workday,0,0,0,,https://www.consultant.ru/law/ref/calendar/proizvodstvennye/2026/
2026-08-07,workday,0,0,0,,https://www.consultant.ru/law/ref/calendar/proizvodstvennye/2026/
2026-08-08,saturday,0,0,0,,https://www.consultant.ru/law/ref/calendar/proizvodstvennye/2026/
2026-08-09,sunday,0,0,0,,https://www.consultant.ru/law/ref/calendar/proizvodstvennye/2026/
2026-08-10,workday,0,0,0,,https://www.consultant.ru/law/ref/calendar/proizvodstvennye/2026/
2026-08-11,workday,0,0,0,,https://www.consultant.ru/law/ref/calendar/proizvodstvennye/2026/
2026-08-12,workday,0,0,0,,https://www.consultant.ru/law/ref/calendar/proizvodstvennye/2026/
2026-08-13,workday,0,0,0,,https://www.consultant.ru/law/ref/calendar/proizvodstvennye/2026/
2026-08-14,workday,0,0,0,,https://www.consultant.ru/law/ref/calendar/proizvodstvennye/2026/
2026-08-15,saturday,0,0,0,,https://www.consultant.ru/law/ref/calendar/proizvodstvennye/2026/
2026-08-16,sunday,0,0,0,,https://www.consultant.ru/law/ref/calendar/proizvodstvennye/2026/
2026-08-17,workday,0,0,0,,https://www.consultant.ru/law/ref/calendar/proizvodstvennye/2026/
2026-08-18,workday,0,0,0,,https://www.consultant.ru/law/ref/calendar/proizvodstvennye/2026/
2026-08-19,workday,0,0,0,,https://www.consultant.ru/law/ref/calendar/proizvodstvennye/2026/
2026-08-20,workday,0,0,0,,https://www.consultant.ru/law/ref/calendar/proizvodstvennye/2026/
2026-08-21,workday,0,0,0,,https://www.consultant.ru/law/ref/calendar/proizvodstvennye/2026/
2026-08-22,saturday,0,0,0,,https://www.consultant.ru/law/ref/calendar/proizvodstvennye/2026/
2026-08-23,sunday,0,0,0,,https://www.consultant.ru/law/ref/calendar/proizvodstvennye/2026/
2026-08-24,workday,0,0,0,,https://www.consultant.ru/law/ref/calendar/proizvodstvennye/2026/
2026-08-25,workday,0,0,0,,https://www.consultant.ru/law/ref/calendar/proizvodstvennye/2026/
2026-08-26,workday,0,0,0,,https://www.consultant.ru/law/ref/calendar/proizvodstvennye/2026/
2026-08-27,workday,0,0,0,,https://www.consultant.ru/law/ref/calendar/proizvodstvennye/2026/
2026-08-28,workday,0,0,0,,https://www.consultant.ru/law/ref/calendar/proizvodstvennye/2026/
2026-08-29,saturday,0,0,0,,https://www.consultant.ru/law/ref/calendar/proizvodstvennye/2026/
2026-08-30,sunday,0,0,0,,https://www.consultant.ru/law/ref/calendar/proizvodstvennye/2026/
2026-08-31,workday,0,0,0,,https://www.consultant.ru/law/ref/calendar/proizvodstvennye/2026/
2026-09-01,workday,0,0,0,,https://www.consultant.ru/law/ref/calendar/proizvodstvennye/2026/
2026-09-02,workday,0,0,0,,https://www.consultant.ru/law/ref/calendar/proizvodstvennye/2026/
2026-09-03,workday,0,0,0,,https://www.consultant.ru/law/ref/calendar/proizvodstvennye/2026/
2026-09-04,workday,0,0,0,,https://www.consultant.ru/law/ref/calendar/proizvodstvennye/2026/
2026-09-05,saturday,0,0,0,,https://www.consultant.ru/law/ref/calendar/proizvodstvennye/2026/
2026-09-06,sunday,0,0,0,,https://www.consultant.ru/law/ref/calendar/proizvodstvennye/2026/
2026-09-07,workday,0,0,0,,https://www.consultant.ru/law/ref/calendar/proizvodstvennye/2026/
2026-09-08,workday,0,0,0,,https://www.consultant.ru/law/ref/calendar/proizvodstvennye/2026/
2026-09-09,workday,0,0,0,,https://www.consultant.ru/law/ref/calendar/proizvodstvennye/2026/
2026-09-10,workday,0,0,0,,https://www.consultant.ru/law/ref/calendar/proizvodstvennye/2026/
2026-09-11,workday,0,0,0,,https://www.consultant.ru/law/ref/calendar/proizvodstvennye/2026/
2026-09-12,saturday,0,0,0,,https://www.consultant.ru/law/ref/calendar/proizvodstvennye/2026/
2026-09-13,sunday,0,0,0,,https://www.consultant.ru/law/ref/calendar/proizvodstvennye/2026/
2026-09-14,workday,0,0,0,,https://www.consultant.ru/law/ref/calendar/proizvodstvennye/2026/
2026-09-15,workday,0,0,0,,https://www.consultant.ru/law/ref/calendar/proizvodstvennye/2026/
2026-09-16,workday,0,0,0,,https://www.consultant.ru/law/ref/calendar/proizvodstvennye/2026/
2026-09-17,workday,0,0,0,,https://www.consultant.ru/law/ref/calendar/proizvodstvennye/2026/
2026-09-18,workday,0,0,0,,https://www.consultant.ru/law/ref/calendar/proizvodstvennye/2026/
2026-09-19,saturday,0,0,0,,https://www.consultant.ru/law/ref/calendar/proizvodstvennye/2026/
2026-09-20,sunday,0,0,0,,https://www.consultant.ru/law/ref/calendar/proizvodstvennye/2026/
2026-09-21,workday,0,0,0,,https://www.consultant.ru/law/ref/calendar/proizvodstvennye/2026/
2026-09-22,workday,0,0,0,,https://www.consultant.ru/law/ref/calendar/proizvodstvennye/2026/
2026-09-23,workday,0,0,0,,https://www.consultant.ru/law/ref/calendar/proizvodstvennye/2026/
2026-09-24,workday,0,0,0,,https://www.consultant.ru/law/ref/calendar/proizvodstvennye/2026/
2026-09-25,workday,0,0,0,,https://www.consultant.ru/law/ref/calendar/proizvodstvennye/2026/
2026-09-26,saturday,0,0,0,,https://www.consultant.ru/law/ref/calendar/proizvodstvennye/2026/
2026-09-27,sunday,0,0,0,,https://www.consultant.ru/law/ref/calendar/proizvodstvennye/2026/
2026-09-28,workday,0,0,0,,https://www.consultant.ru/law/ref/calendar/proizvodstvennye/2026/
2026-09-29,workday,0,0,0,,https://www.consultant.ru/law/ref/calendar/proizvodstvennye/2026/
2026-09-30,workday,0,0,0,,https://www.consultant.ru/law/ref/calendar/proizvodstvennye/2026/
2026-10-01,workday,0,0,0,,https://www.consultant.ru/law/ref/calendar/proizvodstvennye/2026/
2026-10-02,workday,0,0,0,,https://www.consultant.ru/law/ref/calendar/proizvodstvennye/2026/
2026-10-03,saturday,0,0,0,,https://www.consultant.ru/law/ref/calendar/proizvodstvennye/2026/
2026-10-04,sunday,0,0,0,,https://www.consultant.ru/law/ref/calendar/proizvodstvennye/2026/
2026-10-05,workday,0,0,0,,https://www.consultant.ru/law/ref/calendar/proizvodstvennye/2026/
2026-10-06,workday,0,0,0,,https://www.consultant.ru/law/ref/calendar/proizvodstvennye/2026/
2026-10-07,workday,0,0,0,,https://www.consultant.ru/law/ref/calendar/proizvodstvennye/2026/
2026-10-08,workday,0,0,0,,https://www.consultant.ru/law/ref/calendar/proizvodstvennye/2026/
2026-10-09,workday,0,0,0,,https://www.consultant.ru/law/ref/calendar/proizvodstvennye/2026/
2026-10-10,saturday,0,0,0,,https://www.consultant.ru/law/ref/calendar/proizvodstvennye/2026/
2026-10-11,sunday,0,0,0,,https://www.consultant.ru/law/ref/calendar/proizvodstvennye/2026/
2026-10-12,workday,0,0,0,,https://www.consultant.ru/law/ref/calendar/proizvodstvennye/2026/
2026-10-13,workday,0,0,0,,https://www.consultant.ru/law/ref/calendar/proizvodstvennye/2026/
2026-10-14,workday,0,0,0,,https://www.consultant.ru/law/ref/calendar/proizvodstvennye/2026/
2026-10-15,workday,0,0,0,,https://www.consultant.ru/law/ref/calendar/proizvodstvennye/2026/
2026-10-16,workday,0,0,0,,https://www.consultant.ru/law/ref/calendar/proizvodstvennye/2026/
2026-10-17,saturday,0,0,0,,https://www.consultant.ru/law/ref/calendar/proizvodstvennye/2026/
2026-10-18,sunday,0,0,0,,https://www.consultant.ru/law/ref/calendar/proizvodstvennye/2026/
2026-10-19,workday,0,0,0,,https://www.consultant.ru/law/ref/calendar/proizvodstvennye/2026/
2026-10-20,workday,0,0,0,,https://www.consultant.ru/law/ref/calendar/proizvodstvennye/2026/
2026-10-21,workday,0,0,0,,https://www.consultant.ru/law/ref/calendar/proizvodstvennye/2026/
2026-10-22,workday,0,0,0,,https://www.consultant.ru/law/ref/calendar/proizvodstvennye/2026/
2026-10-23,workday,0,0,0,,https://www.consultant.ru/law/ref/calendar/proizvodstvennye/2026/
2026-10-24,saturday,0,0,0,,https://www.consultant.ru/law/ref/calendar/proizvodstvennye/2026/
2026-10-25,sunday,0,0,0,,https://www.consultant.ru/law/ref/calendar/proizvodstvennye/2026/
2026-10-26,workday,0,0,0,,https://www.consultant.ru/law/ref/calendar/proizvodstvennye/2026/
2026-10-27,workday,0,0,0,,https://www.consultant.ru/law/ref/calendar/proizvodstvennye/2026/
2026-10-28,workday,0,0,0,,https://www.consultant.ru/law/ref/calendar/proizvodstvennye/2026/
2026-10-29,workday,0,0,0,,https://www.consultant.ru/law/ref/calendar/proizvodstvennye/2026/
2026-10-30,workday,0,0,0,,https://www.consultant.ru/law/ref/calendar/proizvodstvennye/2026/
2026-10-31,saturday,0,0,0,,https://www.consultant.ru/law/ref/calendar/proizvodstvennye/2026/
2026-11-01,sunday,0,0,0,,https://www.consultant.ru/law/ref/calendar/proizvodstvennye/2026/
2026-11-02,workday,0,0,0,,https://www.consultant.ru/law/ref/calendar/proizvodstvennye/2026/
2026-11-03,workday,0,1,0,предпраздничный день (сокращён на 1 час),https://www.consultant.ru/law/ref/calendar/proizvodstvennye/2026/
2026-11-04,holiday,1,0,0,День народного единства,https://www.consultant.ru/law/ref/calendar/proizvodstvennye/2026/
2026-11-05,workday,0,0,0,,https://www.consultant.ru/law/ref/calendar/proizvodstvennye/2026/
2026-11-06,workday,0,0,0,,https://www.consultant.ru/law/ref/calendar/proizvodstvennye/2026/
2026-11-07,saturday,0,0,0,,https://www.consultant.ru/law/ref/calendar/proizvodstvennye/2026/
2026-11-08,sunday,0,0,0,,https://www.consultant.ru/law/ref/calendar/proizvodstvennye/2026/
2026-11-09,workday,0,0,0,,https://www.consultant.ru/law/ref/calendar/proizvodstvennye/2026/
2026-11-10,workday,0,0,0,,https://www.consultant.ru/law/ref/calendar/proizvodstvennye/2026/
2026-11-11,workday,0,0,0,,https://www.consultant.ru/law/ref/calendar/proizvodstvennye/2026/
2026-11-12,workday,0,0,0,,https://www.consultant.ru/law/ref/calendar/proizvodstvennye/2026/
2026-11-13,workday,0,0,0,,https://www.consultant.ru/law/ref/calendar/proizvodstvennye/2026/
2026-11-14,saturday,0,0,0,,https://www.consultant.ru/law/ref/calendar/proizvodstvennye/2026/
2026-11-15,sunday,0,0,0,,https://www.consultant.ru/law/ref/calendar/proizvodstvennye/2026/
2026-11-16,workday,0,0,0,,https://www.consultant.ru/law/ref/calendar/proizvodstvennye/2026/
2026-11-17,workday,0,0,0,,https://www.consultant.ru/law/ref/calendar/proizvodstvennye/2026/
2026-11-18,workday,0,0,0,,https://www.consultant.ru/law/ref/calendar/proizvodstvennye/2026/
2026-11-19,workday,0,0,0,,https://www.consultant.ru/law/ref/calendar/proizvodstvennye/2026/
2026-11-20,workday,0,0,0,,https://www.consultant.ru/law/ref/calendar/proizvodstvennye/2026/
2026-11-21,saturday,0,0,0,,https://www.consultant.ru/law/ref/calendar/proizvodstvennye/2026/
2026-11-22,sunday,0,0,0,,https://www.consultant.ru/law/ref/calendar/proizvodstvennye/2026/
2026-11-23,workday,0,0,0,,https://www.consultant.ru/law/ref/calendar/proizvodstvennye/2026/
2026-11-24,workday,0,0,0,,https://www.consultant.ru/law/ref/calendar/proizvodstvennye/2026/
2026-11-25,workday,0,0,0,,https://www.consultant.ru/law/ref/calendar/proizvodstvennye/2026/
2026-11-26,workday,0,0,0,,https://www.consultant.ru/law/ref/calendar/proizvodstvennye/2026/
2026-11-27,workday,0,0,0,,https://www.consultant.ru/law/ref/calendar/proizvodstvennye/2026/
2026-11-28,saturday,0,0,0,,https://www.consultant.ru/law/ref/calendar/proizvodstvennye/2026/
2026-11-29,sunday,0,0,0,,https://www.consultant.ru/law/ref/calendar/proizvodstvennye/2026/
2026-11-30,workday,0,0,0,,https://www.consultant.ru/law/ref/calendar/proizvodstvennye/2026/
2026-12-01,workday,0,0,0,,https://www.consultant.ru/law/ref/calendar/proizvodstvennye/2026/
2026-12-02,workday,0,0,0,,https://www.consultant.ru/law/ref/calendar/proizvodstvennye/2026/
2026-12-03,workday,0,0,0,,https://www.consultant.ru/law/ref/calendar/proizvodstvennye/2026/
2026-12-04,workday,0,0,0,,https://www.consultant.ru/law/ref/calendar/proizvodstvennye/2026/
2026-12-05,saturday,0,0,0,,https://www.consultant.ru/law/ref/calendar/proizvodstvennye/2026/
2026-12-06,sunday,0,0,0,,https://www.consultant.ru/law/ref/calendar/proizvodstvennye/2026/
2026-12-07,workday,0,0,0,,https://www.consultant.ru/law/ref/calendar/proizvodstvennye/2026/
2026-12-08,workday,0,0,0,,https://www.consultant.ru/law/ref/calendar/proizvodstvennye/2026/
2026-12-09,workday,0,0,0,,https://www.consultant.ru/law/ref/calendar/proizvodstvennye/2026/
2026-12-10,workday,0,0,0,,https://www.consultant.ru/law/ref/calendar/proizvodstvennye/2026/
2026-12-11,workday,0,0,0,,https://www.consultant.ru/law/ref/calendar/proizvodstvennye/2026/
2026-12-12,saturday,0,0,0,,https://www.consultant.ru/law/ref/calendar/proizvodstvennye/2026/
2026-12-13,sunday,0,0,0,,https://www.consultant.ru/law/ref/calendar/proizvodstvennye/2026/
2026-12-14,workday,0,0,0,,https://www.consultant.ru/law/ref/calendar/proizvodstvennye/2026/
2026-12-15,workday,0,0,0,,https://www.consultant.ru/law/ref/calendar/proizvodstvennye/2026/
2026-12-16,workday,0,0,0,,https://www.consultant.ru/law/ref/calendar/proizvodstvennye/2026/
2026-12-17,workday,0,0,0,,https://www.consultant.ru/law/ref/calendar/proizvodstvennye/2026/
2026-12-18,workday,0,0,0,,https://www.consultant.ru/law/ref/calendar/proizvodstvennye/2026/
2026-12-19,saturday,0,0,0,,https://www.consultant.ru/law/ref/calendar/proizvodstvennye/2026/
2026-12-20,sunday,0,0,0,,https://www.consultant.ru/law/ref/calendar/proizvodstvennye/2026/
2026-12-21,workday,0,0,0,,https://www.consultant.ru/law/ref/calendar/proizvodstvennye/2026/
2026-12-22,workday,0,0,0,,https://www.consultant.ru/law/ref/calendar/proizvodstvennye/2026/
2026-12-23,workday,0,0,0,,https://www.consultant.ru/law/ref/calendar/proizvodstvennye/2026/
2026-12-24,workday,0,0,0,,https://www.consultant.ru/law/ref/calendar/proizvodstvennye/2026/
2026-12-25,workday,0,0,0,,https://www.consultant.ru/law/ref/calendar/proizvodstvennye/2026/
2026-12-26,saturday,0,0,0,,https://www.consultant.ru/law/ref/calendar/proizvodstvennye/2026/
2026-12-27,sunday,0,0,0,,https://www.consultant.ru/law/ref/calendar/proizvodstvennye/2026/
2026-12-28,workday,0,0,0,,https://www.consultant.ru/law/ref/calendar/proizvodstvennye/2026/
2026-12-29,workday,0,0,0,,https://www.consultant.ru/law/ref/calendar/proizvodstvennye/2026/
2026-12-30,workday,0,1,0,предпраздничный день (сокращён на 1 час),https://www.consultant.ru/law/ref/calendar/proizvodstvennye/2026/
2026-12-31,holiday,1,0,0,"перенесённый выходной (с воскресенья 3 января 2027), начало новогодних каникул 2027 года, Пост. Правительства РФ №1187 от 17.09.2026",https://www.consultant.ru/law/ref/calendar/proizvodstvennye/2026/
