latitude,longitude,elevation,utc_offset_seconds,timezone,timezone_abbreviation
55.782074,37.576374,140.0,10800,Europe/Moscow,GMT+3

time,temperature_2m_mean (°C),precipitation_sum (mm),rain_sum (mm),snowfall_sum (cm),snow_depth_max (m)
2020-01-01,-1.3,0.90,0.30,0.42,0.05
2020-01-02,0.3,3.30,0.10,2.24,0.06
2020-01-03,1.0,0.00,0.00,0.00,0.06
2020-01-04,-1.1,1.30,0.00,0.91,0.06
2020-01-05,0.1,0.00,0.00,0.00,0.06
2020-01-06,-1.7,0.00,0.00,0.00,0.06
2020-01-07,-1.7,0.90,0.00,0.63,0.06
2020-01-08,-0.2,0.60,0.00,0.49,0.07
2020-01-09,0.4,2.40,0.00,1.68,0.08
2020-01-10,0.3,0.00,0.00,0.00,0.08
2020-01-11,-1.2,4.20,0.00,2.94,0.10
2020-01-12,-2.0,0.00,0.00,0.00,0.10
2020-01-13,1.0,1.40,0.40,0.70,0.11
2020-01-14,-0.7,0.00,0.00,0.00,0.09
2020-01-15,0.7,3.20,3.00,0.14,0.09
2020-01-16,2.7,0.50,0.50,0.00,0.08
2020-01-17,2.2,0.00,0.00,0.00,0.05
2020-01-18,-0.2,0.00,0.00,0.00,0.03
2020-01-19,-0.5,0.00,0.00,0.00,0.03
2020-01-20,1.6,0.40,0.40,0.00,0.03
2020-01-21,2.1,4.40,3.20,0.84,0.03
2020-01-22,-0.0,0.40,0.10,0.21,0.02
2020-01-23,-3.8,1.10,0.10,0.70,0.03
2020-01-24,-1.8,3.90,0.70,2.24,0.04
2020-01-25,0.6,3.10,1.20,1.33,0.04
2020-01-26,-0.8,1.60,0.10,1.05,0.04
2020-01-27,-0.9,1.00,0.90,0.07,0.04
2020-01-28,-4.6,5.70,0.00,3.99,0.07
2020-01-29,-0.1,1.10,0.00,0.77,0.08
2020-01-30,-0.7,3.70,0.00,2.59,0.10
2020-01-31,-1.4,0.30,0.00,0.21,0.10
2020-02-01,-1.8,0.30,0.00,0.21,0.10
2020-02-02,0.3,7.90,1.90,4.27,0.13
2020-02-03,1.3,2.20,1.10,0.77,0.12
2020-02-04,-2.7,0.70,0.00,0.49,0.10
2020-02-05,-5.4,0.30,0.00,0.21,0.10
2020-02-06,-5.5,2.40,0.10,1.61,0.12
2020-02-07,-9.2,0.30,0.00,0.21,0.12
2020-02-08,-10.2,0.00,0.00,0.00,0.12
2020-02-09,-5.1,0.00,0.00,0.00,0.12
2020-02-10,-1.3,0.10,0.00,0.07,0.12
2020-02-11,-0.4,4.30,0.30,2.80,0.14
2020-02-12,-0.3,0.80,0.00,0.56,0.13
2020-02-13,-2.9,0.10,0.00,0.07,0.13
2020-02-14,-2.4,0.50,0.00,0.35,0.13
2020-02-15,-4.7,0.00,0.00,0.00,0.13
2020-02-16,-0.7,0.10,0.00,0.07,0.13
2020-02-17,2.9,0.40,0.40,0.00,0.12
2020-02-18,3.9,0.00,0.00,0.00,0.07
2020-02-19,1.9,0.60,0.60,0.00,0.05
2020-02-20,1.4,0.00,0.00,0.00,0.04
2020-02-21,1.3,0.10,0.10,0.00,0.03
2020-02-22,1.8,0.00,0.00,0.00,0.03
2020-02-23,1.4,6.40,0.30,4.27,0.05
2020-02-24,1.0,1.30,0.00,0.91,0.05
2020-02-25,-1.4,0.00,0.00,0.00,0.04
2020-02-26,-1.3,2.80,1.30,1.05,0.06
2020-02-27,1.4,2.70,2.10,0.42,0.06
2020-02-28,0.5,0.10,0.10,0.00,0.06
2020-02-29,-1.3,0.30,0.00,0.21,0.05
2020-03-01,1.4,0.00,0.00,0.00,0.05
2020-03-02,2.9,5.40,5.40,0.00,0.04
2020-03-03,2.8,3.60,3.30,0.21,0.03
2020-03-04,3.9,0.00,0.00,0.00,0.02
2020-03-05,4.5,0.00,0.00,0.00,0.01
2020-03-06,5.3,0.30,0.30,0.00,0.00
2020-03-07,6.9,0.50,0.50,0.00,0.00
2020-03-08,5.8,1.60,1.60,0.00,0.00
2020-03-09,4.8,0.00,0.00,0.00,0.00
2020-03-10,5.8,14.10,14.10,0.00,0.00
2020-03-11,5.9,2.70,2.70,0.00,0.00
2020-03-12,5.8,1.50,1.50,0.00,0.00
2020-03-13,4.8,3.10,3.10,0.00,0.00
2020-03-14,2.9,3.00,0.90,1.47,0.02
2020-03-15,-3.3,1.30,0.00,0.91,0.02
2020-03-16,-0.4,0.00,0.00,0.00,0.02
2020-03-17,3.0,0.00,0.00,0.00,0.02
2020-03-18,5.1,0.00,0.00,0.00,0.01
2020-03-19,7.5,0.30,0.30,0.00,0.00
2020-03-20,2.4,0.90,0.50,0.28,0.00
2020-03-21,-1.3,0.00,0.00,0.00,0.00
2020-03-22,-3.3,0.00,0.00,0.00,0.00
2020-03-23,-2.8,0.00,0.00,0.00,0.00
2020-03-24,-1.5,0.00,0.00,0.00,0.00
2020-03-25,2.4,0.00,0.00,0.00,0.00
2020-03-26,5.8,0.00,0.00,0.00,0.00
2020-03-27,6.3,0.00,0.00,0.00,0.00
2020-03-28,8.4,0.00,0.00,0.00,0.00
2020-03-29,8.7,0.00,0.00,0.00,0.00
2020-03-30,0.5,1.30,0.10,0.91,0.00
2020-03-31,-2.8,4.90,0.10,3.36,0.04
2020-04-01,-1.1,0.10,0.00,0.07,0.04
2020-04-02,2.3,0.50,0.40,0.07,0.03
2020-04-03,5.7,0.00,0.00,0.00,0.02
2020-04-04,3.8,0.40,0.40,0.00,0.01
2020-04-05,0.7,0.50,0.00,0.35,0.01
2020-04-06,0.7,0.00,0.00,0.00,0.00
2020-04-07,3.0,0.00,0.00,0.00,0.00
2020-04-08,8.3,0.40,0.40,0.00,0.00
2020-04-09,8.4,0.10,0.10,0.00,0.00
2020-04-10,6.5,0.60,0.60,0.00,0.00
2020-04-11,1.4,1.20,0.10,0.77,0.00
2020-04-12,1.9,0.00,0.00,0.00,0.00
2020-04-13,7.2,0.00,0.00,0.00,0.00
2020-04-14,6.5,4.00,4.00,0.00,0.00
2020-04-15,3.0,0.80,0.60,0.14,0.00
2020-04-16,3.3,7.10,6.10,0.70,0.00
2020-04-17,3.0,1.70,1.60,0.07,0.00
2020-04-18,2.3,1.40,1.20,0.14,0.00
2020-04-19,2.4,1.90,1.90,0.00,0.00
2020-04-20,3.5,1.50,1.40,0.07,0.00
2020-04-21,4.9,0.00,0.00,0.00,0.00
2020-04-22,4.7,0.30,0.10,0.14,0.00
2020-04-23,4.1,0.30,0.10,0.14,0.00
2020-04-24,3.3,1.00,1.00,0.00,0.00
2020-04-25,4.9,0.70,0.70,0.00,0.00
2020-04-26,4.1,0.00,0.00,0.00,0.00
2020-04-27,4.9,0.00,0.00,0.00,0.00
2020-04-28,5.3,0.00,0.00,0.00,0.00
2020-04-29,8.8,4.30,4.30,0.00,0.00
2020-04-30,5.2,0.00,0.00,0.00,0.00
2020-05-01,6.9,0.00,0.00,0.00,0.00
2020-05-02,9.0,0.00,0.00,0.00,0.00
2020-05-03,14.8,2.50,2.50,0.00,0.00
2020-05-04,14.3,6.80,6.80,0.00,0.00
2020-05-05,16.0,4.10,4.10,0.00,0.00
2020-05-06,15.2,8.90,8.90,0.00,0.00
2020-05-07,14.0,2.40,2.40,0.00,0.00
2020-05-08,9.6,1.60,1.60,0.00,0.00
2020-05-09,11.1,1.20,1.20,0.00,0.00
2020-05-10,12.4,3.30,3.30,0.00,0.00
2020-05-11,13.8,0.00,0.00,0.00,0.00
2020-05-12,17.1,1.20,1.20,0.00,0.00
2020-05-13,7.6,0.00,0.00,0.00,0.00
2020-05-14,9.1,0.50,0.50,0.00,0.00
2020-05-15,8.3,0.50,0.50,0.00,0.00
2020-05-16,9.1,0.30,0.30,0.00,0.00
2020-05-17,10.1,0.80,0.80,0.00,0.00
2020-05-18,7.7,4.00,4.00,0.00,0.00
2020-05-19,7.4,0.30,0.30,0.00,0.00
2020-05-20,8.0,1.80,1.80,0.00,0.00
2020-05-21,6.1,6.70,6.70,0.00,0.00
2020-05-22,6.0,4.90,4.90,0.00,0.00
2020-05-23,6.5,2.10,2.10,0.00,0.00
2020-05-24,7.7,1.00,1.00,0.00,0.00
2020-05-25,12.4,0.30,0.30,0.00,0.00
2020-05-26,13.0,0.00,0.00,0.00,0.00
2020-05-27,13.2,1.90,1.90,0.00,0.00
2020-05-28,14.7,0.00,0.00,0.00,0.00
2020-05-29,14.0,23.80,23.80,0.00,0.00
2020-05-30,17.3,3.20,3.20,0.00,0.00
2020-05-31,11.1,31.70,31.70,0.00,0.00
2020-06-01,9.1,4.40,4.40,0.00,0.00
2020-06-02,9.4,7.30,7.30,0.00,0.00
2020-06-03,11.8,13.60,13.60,0.00,0.00
2020-06-04,14.4,25.70,25.70,0.00,0.00
2020-06-05,13.5,4.40,4.40,0.00,0.00
2020-06-06,15.5,1.90,1.90,0.00,0.00
2020-06-07,19.8,1.80,1.80,0.00,0.00
2020-06-08,20.7,1.40,1.40,0.00,0.00
2020-06-09,22.2,0.40,0.40,0.00,0.00
2020-06-10,22.3,0.70,0.70,0.00,0.00
2020-06-11,23.4,0.00,0.00,0.00,0.00
2020-06-12,20.0,3.30,3.30,0.00,0.00
2020-06-13,13.3,13.40,13.40,0.00,0.00
2020-06-14,15.5,0.00,0.00,0.00,0.00
2020-06-15,17.5,0.00,0.00,0.00,0.00
2020-06-16,20.7,0.30,0.30,0.00,0.00
2020-06-17,22.6,0.00,0.00,0.00,0.00
2020-06-18,22.9,0.00,0.00,0.00,0.00
2020-06-19,22.8,0.30,0.30,0.00,0.00
2020-06-20,21.5,4.00,4.00,0.00,0.00
2020-06-21,15.6,3.90,3.90,0.00,0.00
2020-06-22,16.4,0.00,0.00,0.00,0.00
2020-06-23,16.7,0.30,0.30,0.00,0.00
2020-06-24,18.7,0.00,0.00,0.00,0.00
2020-06-25,19.4,0.20,0.20,0.00,0.00
2020-06-26,20.2,0.00,0.00,0.00,0.00
2020-06-27,23.0,0.10,0.10,0.00,0.00
2020-06-28,20.9,1.20,1.20,0.00,0.00
2020-06-29,16.6,0.10,0.10,0.00,0.00
2020-06-30,17.5,0.00,0.00,0.00,0.00
2020-07-01,19.4,7.90,7.90,0.00,0.00
2020-07-02,19.9,0.90,0.90,0.00,0.00
2020-07-03,22.2,4.30,4.30,0.00,0.00
2020-07-04,21.1,11.30,11.30,0.00,0.00
2020-07-05,20.7,0.10,0.10,0.00,0.00
2020-07-06,22.6,0.00,0.00,0.00,0.00
2020-07-07,23.4,6.30,6.30,0.00,0.00
2020-07-08,21.4,17.10,17.10,0.00,0.00
2020-07-09,16.1,7.50,7.50,0.00,0.00
2020-07-10,16.5,0.10,0.10,0.00,0.00
2020-07-11,20.9,0.00,0.00,0.00,0.00
2020-07-12,22.2,0.40,0.40,0.00,0.00
2020-07-13,19.2,1.00,1.00,0.00,0.00
2020-07-14,17.2,25.90,25.90,0.00,0.00
2020-07-15,17.7,8.80,8.80,0.00,0.00
2020-07-16,15.5,5.30,5.30,0.00,0.00
2020-07-17,15.6,0.10,0.10,0.00,0.00
2020-07-18,15.7,1.70,1.70,0.00,0.00
2020-07-19,16.9,4.00,4.00,0.00,0.00
2020-07-20,18.0,1.10,1.10,0.00,0.00
2020-07-21,17.2,7.50,7.50,0.00,0.00
2020-07-22,16.9,4.60,4.60,0.00,0.00
2020-07-23,14.7,2.30,2.30,0.00,0.00
2020-07-24,14.1,2.50,2.50,0.00,0.00
2020-07-25,15.5,0.10,0.10,0.00,0.00
2020-07-26,17.9,0.30,0.30,0.00,0.00
2020-07-27,19.2,0.60,0.60,0.00,0.00
2020-07-28,21.2,0.00,0.00,0.00,0.00
2020-07-29,22.6,0.70,0.70,0.00,0.00
2020-07-30,19.1,6.20,6.20,0.00,0.00
2020-07-31,15.6,0.80,0.80,0.00,0.00
2020-08-01,15.6,1.50,1.50,0.00,0.00
2020-08-02,15.6,0.70,0.70,0.00,0.00
2020-08-03,16.3,0.00,0.00,0.00,0.00
2020-08-04,18.4,0.00,0.00,0.00,0.00
2020-08-05,19.8,0.00,0.00,0.00,0.00
2020-08-06,20.9,1.00,1.00,0.00,0.00
2020-08-07,19.6,0.00,0.00,0.00,0.00
2020-08-08,19.1,0.40,0.40,0.00,0.00
2020-08-09,19.2,0.20,0.20,0.00,0.00
2020-08-10,19.5,0.40,0.40,0.00,0.00
2020-08-11,17.2,0.50,0.50,0.00,0.00
2020-08-12,14.2,4.50,4.50,0.00,0.00
2020-08-13,13.4,4.00,4.00,0.00,0.00
2020-08-14,13.2,0.40,0.40,0.00,0.00
2020-08-15,13.8,0.00,0.00,0.00,0.00
2020-08-16,16.5,2.50,2.50,0.00,0.00
2020-08-17,18.7,0.00,0.00,0.00,0.00
2020-08-18,15.0,0.00,0.00,0.00,0.00
2020-08-19,15.5,0.00,0.00,0.00,0.00
2020-08-20,15.6,0.00,0.00,0.00,0.00
2020-08-21,15.7,0.00,0.00,0.00,0.00
2020-08-22,17.7,0.00,0.00,0.00,0.00
2020-08-23,18.6,0.00,0.00,0.00,0.00
2020-08-24,18.6,0.80,0.80,0.00,0.00
2020-08-25,18.7,0.00,0.00,0.00,0.00
2020-08-26,16.3,12.40,12.40,0.00,0.00
2020-08-27,15.8,0.90,0.90,0.00,0.00
2020-08-28,16.1,4.50,4.50,0.00,0.00
2020-08-29,15.5,0.00,0.00,0.00,0.00
2020-08-30,18.2,1.50,1.50,0.00,0.00
2020-08-31,23.4,0.00,0.00,0.00,0.00
2020-09-01,19.0,0.00,0.00,0.00,0.00
2020-09-02,15.3,0.00,0.00,0.00,0.00
2020-09-03,16.7,0.00,0.00,0.00,0.00
2020-09-04,18.4,0.00,0.00,0.00,0.00
2020-09-05,17.7,0.00,0.00,0.00,0.00
2020-09-06,18.2,0.00,0.00,0.00,0.00
2020-09-07,17.9,0.70,0.70,0.00,0.00
2020-09-08,14.7,9.00,9.00,0.00,0.00
2020-09-09,12.5,4.00,4.00,0.00,0.00
2020-09-10,13.1,5.80,5.80,0.00,0.00
2020-09-11,12.2,0.00,0.00,0.00,0.00
2020-09-12,12.8,0.00,0.00,0.00,0.00
2020-09-13,13.7,2.40,2.40,0.00,0.00
2020-09-14,11.5,4.40,4.40,0.00,0.00
2020-09-15,12.4,0.40,0.40,0.00,0.00
2020-09-16,10.7,0.00,0.00,0.00,0.00
2020-09-17,15.5,17.00,17.00,0.00,0.00
2020-09-18,9.6,3.80,3.80,0.00,0.00
2020-09-19,10.1,0.00,0.00,0.00,0.00
2020-09-20,8.8,0.00,0.00,0.00,0.00
2020-09-21,10.1,0.00,0.00,0.00,0.00
2020-09-22,14.2,0.00,0.00,0.00,0.00
2020-09-23,14.5,0.00,0.00,0.00,0.00
2020-09-24,13.9,0.00,0.00,0.00,0.00
2020-09-25,13.9,0.00,0.00,0.00,0.00
2020-09-26,14.5,0.00,0.00,0.00,0.00
2020-09-27,13.7,0.00,0.00,0.00,0.00
2020-09-28,11.0,1.20,1.20,0.00,0.00
2020-09-29,12.8,0.50,0.50,0.00,0.00
2020-09-30,12.7,0.00,0.00,0.00,0.00
2020-10-01,13.0,0.00,0.00,0.00,0.00
2020-10-02,12.6,0.00,0.00,0.00,0.00
2020-10-03,12.7,0.00,0.00,0.00,0.00
2020-10-04,12.6,0.00,0.00,0.00,0.00
2020-10-05,13.7,0.00,0.00,0.00,0.00
2020-10-06,14.0,0.00,0.00,0.00,0.00
2020-10-07,13.9,0.00,0.00,0.00,0.00
2020-10-08,13.2,0.30,0.30,0.00,0.00
2020-10-09,10.6,7.00,7.00,0.00,0.00
2020-10-10,11.9,2.60,2.60,0.00,0.00
2020-10-11,9.8,0.00,0.00,0.00,0.00
2020-10-12,11.1,1.40,1.40,0.00,0.00
2020-10-13,12.5,0.20,0.20,0.00,0.00
2020-10-14,12.8,1.20,1.20,0.00,0.00
2020-10-15,12.2,5.30,5.30,0.00,0.00
2020-10-16,6.4,1.60,1.60,0.00,0.00
2020-10-17,3.5,0.00,0.00,0.00,0.00
2020-10-18,4.2,11.80,11.80,0.00,0.00
2020-10-19,4.0,0.30,0.30,0.00,0.00
2020-10-20,2.8,1.30,1.30,0.00,0.00
2020-10-21,1.4,1.00,1.00,0.00,0.00
2020-10-22,4.5,4.90,4.90,0.00,0.00
2020-10-23,11.3,4.10,4.10,0.00,0.00
2020-10-24,9.4,1.10,1.10,0.00,0.00
2020-10-25,7.1,0.30,0.30,0.00,0.00
2020-10-26,7.6,0.00,0.00,0.00,0.00
2020-10-27,7.7,0.00,0.00,0.00,0.00
2020-10-28,6.3,0.00,0.00,0.00,0.00
2020-10-29,5.6,0.00,0.00,0.00,0.00
2020-10-30,3.5,0.00,0.00,0.00,0.00
2020-10-31,5.1,0.00,0.00,0.00,0.00
2020-11-01,4.3,2.80,2.80,0.00,0.00
2020-11-02,5.4,0.20,0.20,0.00,0.00
2020-11-03,6.6,0.00,0.00,0.00,0.00
2020-11-04,7.3,0.00,0.00,0.00,0.00
2020-11-05,7.0,3.00,3.00,0.00,0.00
2020-11-06,6.1,3.30,3.30,0.00,0.00
2020-11-07,6.6,0.10,0.10,0.00,0.00
2020-11-08,6.9,3.20,3.20,0.00,0.00
2020-11-09,0.7,0.00,0.00,0.00,0.00
2020-11-10,2.5,0.00,0.00,0.00,0.00
2020-11-11,1.2,0.00,0.00,0.00,0.00
2020-11-12,-0.5,0.00,0.00,0.00,0.00
2020-11-13,2.3,0.00,0.00,0.00,0.00
2020-11-14,1.7,0.30,0.30,0.00,0.00
2020-11-15,0.7,1.60,1.00,0.42,0.00
2020-11-16,-1.8,0.00,0.00,0.00,0.00
2020-11-17,-5.4,0.00,0.00,0.00,0.00
2020-11-18,-3.8,1.50,0.10,0.98,0.01
2020-11-19,-0.7,4.00,1.30,1.89,0.02
2020-11-20,-0.1,4.90,0.10,3.36,0.05
2020-11-21,-0.7,1.40,0.00,0.98,0.06
2020-11-22,-2.1,1.90,0.00,1.33,0.07
2020-11-23,-0.7,3.80,0.10,2.59,0.09
2020-11-24,1.2,1.10,0.50,0.42,0.09
2020-11-25,0.1,0.30,0.10,0.14,0.08
2020-11-26,-0.7,2.20,0.40,1.26,0.10
2020-11-27,1.1,1.50,0.30,0.84,0.10
2020-11-28,0.8,1.90,0.40,1.05,0.10
2020-11-29,1.5,1.70,0.30,0.98,0.09
2020-11-30,1.1,2.70,0.30,1.68,0.07
2020-12-01,-1.0,1.30,0.00,0.98,0.08
2020-12-02,-3.5,0.30,0.00,0.21,0.08
2020-12-03,-5.7,0.80,0.00,0.56,0.08
2020-12-04,-4.0,1.00,0.00,0.70,0.09
2020-12-05,-4.4,0.00,0.00,0.00,0.09
2020-12-06,-6.8,0.00,0.00,0.00,0.09
2020-12-07,-7.6,0.00,0.00,0.00,0.09
2020-12-08,-7.4,0.00,0.00,0.00,0.09
2020-12-09,-6.7,0.00,0.00,0.00,0.09
2020-12-10,-7.7,0.00,0.00,0.00,0.09
2020-12-11,-7.1,0.00,0.00,0.00,0.09
2020-12-12,-9.4,0.00,0.00,0.00,0.09
2020-12-13,-5.6,2.80,0.00,1.96,0.10
2020-12-14,-4.2,0.40,0.00,0.28,0.10
2020-12-15,-4.7,5.10,0.00,3.57,0.14
2020-12-16,-3.3,0.10,0.00,0.07,0.14
2020-12-17,0.4,3.10,0.00,2.17,0.15
2020-12-18,-1.5,0.10,0.00,0.07,0.13
2020-12-19,-2.7,2.50,0.00,1.75,0.16
2020-12-20,-1.6,0.00,0.00,0.00,0.16
2020-12-21,0.6,0.00,0.00,0.00,0.16
2020-12-22,-2.0,0.00,0.00,0.00,0.15
2020-12-23,-4.5,0.00,0.00,0.00,0.15
2020-12-24,-6.0,0.90,0.00,0.63,0.16
2020-12-25,-3.5,8.90,0.00,6.23,0.20
2020-12-26,-1.1,1.00,0.00,0.70,0.21
2020-12-27,-6.5,1.00,0.00,0.70,0.21
2020-12-28,-11.9,0.00,0.00,0.00,0.21
2020-12-29,-7.5,0.40,0.00,0.28,0.21
2020-12-30,-3.3,2.10,0.00,1.47,0.22
2020-12-31,-1.3,2.30,2.30,0.00,0.22
2021-01-01,-1.0,3.20,3.10,0.07,0.22
2021-01-02,-0.6,3.10,0.00,2.17,0.24
2021-01-03,-0.7,1.00,0.00,0.70,0.24
2021-01-04,-0.8,2.70,0.00,1.89,0.27
2021-01-05,-1.8,0.00,0.00,0.00,0.27
2021-01-06,-4.4,0.00,0.00,0.00,0.27
2021-01-07,-5.9,3.70,0.00,2.59,0.28
2021-01-08,-5.0,0.40,0.00,0.28,0.28
2021-01-09,-6.1,1.80,0.00,1.26,0.29
2021-01-10,-8.9,1.40,0.00,0.98,0.31
2021-01-11,-11.5,0.60,0.10,0.42,0.31
2021-01-12,-12.8,0.50,0.00,0.35,0.32
2021-01-13,-11.6,0.90,0.00,0.63,0.32
2021-01-14,-15.5,8.10,0.00,5.67,0.43
2021-01-15,-19.0,0.00,0.00,0.00,0.43
2021-01-16,-16.6,9.00,0.00,6.37,0.51
2021-01-17,-20.1,0.10,0.00,0.07,0.51
2021-01-18,-23.4,0.00,0.00,0.00,0.50
2021-01-19,-18.1,0.40,0.10,0.21,0.50
2021-01-20,-12.7,0.20,0.00,0.14,0.50
2021-01-21,-14.2,2.50,0.00,1.75,0.53
2021-01-22,-6.0,0.80,0.00,0.63,0.53
2021-01-23,0.1,0.20,0.00,0.14,0.52
2021-01-24,1.0,0.20,0.20,0.00,0.50
2021-01-25,1.0,0.30,0.30,0.00,0.45
2021-01-26,0.2,1.10,0.20,0.63,0.43
2021-01-27,-0.3,0.40,0.10,0.21,0.42
2021-01-28,-2.0,4.50,0.00,3.22,0.44
2021-01-29,-0.6,3.30,0.00,2.31,0.45
2021-01-30,-3.6,0.90,0.00,0.63,0.46
2021-01-31,-4.7,3.10,0.00,2.17,0.48
2021-02-01,-4.3,0.00,0.00,0.00,0.47
2021-02-02,-8.4,0.00,0.00,0.00,0.46
2021-02-03,-7.7,1.20,0.00,0.84,0.47
2021-02-04,-3.3,5.00,0.10,3.43,0.49
2021-02-05,-10.3,2.20,0.00,1.54,0.50
2021-02-06,-15.7,0.00,0.00,0.00,0.50
2021-02-07,-15.8,0.20,0.00,0.14,0.50
2021-02-08,-17.3,0.00,0.00,0.00,0.50
2021-02-09,-17.8,2.90,0.00,2.03,0.52
2021-02-10,-14.1,1.90,0.00,1.33,0.55
2021-02-11,-15.7,0.40,0.00,0.28,0.55
2021-02-12,-15.3,10.70,0.10,7.42,0.71
2021-02-13,-15.2,13.60,0.00,9.52,0.84
2021-02-14,-14.5,1.50,0.00,1.05,0.85
2021-02-15,-19.3,0.00,0.00,0.00,0.85
2021-02-16,-19.1,1.60,0.00,1.12,0.84
2021-02-17,-12.4,1.80,0.00,1.26,0.85
2021-02-18,-17.1,0.00,0.00,0.00,0.84
2021-02-19,-17.4,0.00,0.00,0.00,0.83
2021-02-20,-16.4,0.20,0.00,0.21,0.82
2021-02-21,-10.2,3.80,0.00,2.66,0.84
2021-02-22,-14.0,1.00,0.00,0.70,0.84
2021-02-23,-23.8,0.00,0.00,0.00,0.83
2021-02-24,-16.6,2.40,0.00,1.68,0.85
2021-02-25,-2.6,5.70,1.00,3.29,0.90
2021-02-26,3.5,1.10,1.10,0.00,0.88
2021-02-27,-0.9,0.60,0.60,0.00,0.79
2021-02-28,-1.9,0.10,0.00,0.07,0.74
2021-03-01,-1.5,0.00,0.00,0.00,0.72
2021-03-02,1.6,0.20,0.00,0.14,0.69
2021-03-03,-1.3,0.00,0.00,0.00,0.65
2021-03-04,-0.2,2.50,0.40,1.47,0.63
2021-03-05,-6.9,0.10,0.00,0.07,0.61
2021-03-06,-10.2,0.00,0.00,0.00,0.60
2021-03-07,-5.9,6.80,0.00,4.76,0.62
2021-03-08,-7.5,1.00,0.00,0.70,0.62
2021-03-09,-13.0,0.00,0.00,0.00,0.62
2021-03-10,-19.4,0.00,0.00,0.00,0.62
2021-03-11,-18.3,0.00,0.00,0.00,0.61
2021-03-12,-12.9,0.40,0.00,0.28,0.61
2021-03-13,-5.4,3.70,0.00,2.59,0.62
2021-03-14,-0.2,2.10,0.90,0.84,0.62
2021-03-15,1.3,3.00,2.20,0.56,0.61
2021-03-16,-0.6,2.20,0.30,1.33,0.59
2021-03-17,-0.8,0.00,0.00,0.00,0.57
2021-03-18,-0.7,0.80,0.10,0.56,0.55
2021-03-19,-2.3,0.30,0.00,0.21,0.54
2021-03-20,-4.6,0.20,0.00,0.14,0.52
2021-03-21,-3.7,0.60,0.00,0.42,0.52
2021-03-22,-1.2,0.40,0.10,0.21,0.53
2021-03-23,-3.9,0.10,0.00,0.07,0.52
2021-03-24,-3.8,0.00,0.00,0.00,0.51
2021-03-25,-0.3,0.00,0.00,0.00,0.50
2021-03-26,0.7,0.10,0.10,0.00,0.48
2021-03-27,1.0,0.00,0.00,0.00,0.45
2021-03-28,-0.6,0.00,0.00,0.00,0.42
2021-03-29,-1.4,0.00,0.00,0.00,0.39
2021-03-30,0.6,3.60,3.00,0.42,0.37
2021-03-31,3.5,4.60,4.10,0.35,0.34
2021-04-01,4.2,6.10,6.10,0.00,0.30
2021-04-02,1.6,8.30,3.10,3.64,0.28
2021-04-03,-0.8,0.20,0.20,0.00,0.26
2021-04-04,0.4,0.10,0.10,0.00,0.23
2021-04-05,3.1,0.00,0.00,0.00,0.21
2021-04-06,5.6,0.00,0.00,0.00,0.18
2021-04-07,5.3,3.50,3.50,0.00,0.14
2021-04-08,2.0,11.40,5.80,3.92,0.10
2021-04-09,2.7,0.20,0.20,0.00,0.10
2021-04-10,4.9,0.00,0.00,0.00,0.08
2021-04-11,7.9,0.00,0.00,0.00,0.06
2021-04-12,8.7,0.00,0.00,0.00,0.03
2021-04-13,13.7,0.00,0.00,0.00,0.01
2021-04-14,14.2,0.00,0.00,0.00,0.00
2021-04-15,12.4,0.00,0.00,0.00,0.00
2021-04-16,11.2,0.10,0.10,0.00,0.00
2021-04-17,11.2,0.00,0.00,0.00,0.00
2021-04-18,8.8,0.60,0.60,0.00,0.00
2021-04-19,8.5,0.00,0.00,0.00,0.00
2021-04-20,5.1,4.90,4.70,0.14,0.00
2021-04-21,4.2,7.20,4.30,2.03,0.02
2021-04-22,8.3,2.20,2.20,0.00,0.01
2021-04-23,9.4,5.90,5.90,0.00,0.00
2021-04-24,4.0,11.20,10.40,0.56,0.01
2021-04-25,3.9,0.40,0.40,0.00,0.00
2021-04-26,4.1,0.20,0.20,0.00,0.00
2021-04-27,2.5,9.60,8.80,0.56,0.00
2021-04-28,4.9,1.40,1.40,0.00,0.00
2021-04-29,6.0,0.00,0.00,0.00,0.00
2021-04-30,9.5,3.60,3.60,0.00,0.00
2021-05-01,9.0,0.40,0.40,0.00,0.00
2021-05-02,8.4,0.00,0.00,0.00,0.00
2021-05-03,11.6,11.50,11.50,0.00,0.00
2021-05-04,5.7,1.70,1.70,0.00,0.00
2021-05-05,7.9,1.20,1.20,0.00,0.00
2021-05-06,11.1,3.40,3.40,0.00,0.00
2021-05-07,9.1,0.20,0.20,0.00,0.00
2021-05-08,8.7,24.90,24.90,0.00,0.00
2021-05-09,6.8,4.00,4.00,0.00,0.00
2021-05-10,8.7,0.00,0.00,0.00,0.00
2021-05-11,12.6,0.00,0.00,0.00,0.00
2021-05-12,14.9,1.00,1.00,0.00,0.00
2021-05-13,13.2,0.10,0.10,0.00,0.00
2021-05-14,14.9,0.70,0.70,0.00,0.00
2021-05-15,17.3,0.80,0.80,0.00,0.00
2021-05-16,16.7,1.90,1.90,0.00,0.00
2021-05-17,19.9,0.00,0.00,0.00,0.00
2021-05-18,22.0,0.00,0.00,0.00,0.00
2021-05-19,20.9,0.50,0.50,0.00,0.00
2021-05-20,16.2,0.80,0.80,0.00,0.00
2021-05-21,13.7,0.40,0.40,0.00,0.00
2021-05-22,14.2,0.10,0.10,0.00,0.00
2021-05-23,15.9,0.00,0.00,0.00,0.00
2021-05-24,14.7,0.00,0.00,0.00,0.00
2021-05-25,14.7,0.00,0.00,0.00,0.00
2021-05-26,17.5,0.50,0.50,0.00,0.00
2021-05-27,16.7,11.30,11.30,0.00,0.00
2021-05-28,17.6,1.20,1.20,0.00,0.00
2021-05-29,15.1,14.10,14.10,0.00,0.00
2021-05-30,11.2,0.00,0.00,0.00,0.00
2021-05-31,9.9,0.00,0.00,0.00,0.00
2021-06-01,11.5,0.00,0.00,0.00,0.00
2021-06-02,14.1,0.00,0.00,0.00,0.00
2021-06-03,14.8,0.00,0.00,0.00,0.00
2021-06-04,16.5,0.00,0.00,0.00,0.00
2021-06-05,17.5,0.00,0.00,0.00,0.00
2021-06-06,17.8,1.20,1.20,0.00,0.00
2021-06-07,17.9,2.30,2.30,0.00,0.00
2021-06-08,17.3,5.60,5.60,0.00,0.00
2021-06-09,17.0,5.60,5.60,0.00,0.00
2021-06-10,15.1,8.30,8.30,0.00,0.00
2021-06-11,15.5,11.20,11.20,0.00,0.00
2021-06-12,17.6,1.70,1.70,0.00,0.00
2021-06-13,18.6,3.60,3.60,0.00,0.00
2021-06-14,20.0,3.00,3.00,0.00,0.00
2021-06-15,20.5,0.20,0.20,0.00,0.00
2021-06-16,19.4,0.10,0.10,0.00,0.00
2021-06-17,18.5,0.00,0.00,0.00,0.00
2021-06-18,20.0,0.00,0.00,0.00,0.00
2021-06-19,21.8,0.00,0.00,0.00,0.00
2021-06-20,23.4,0.00,0.00,0.00,0.00
2021-06-21,24.9,0.00,0.00,0.00,0.00
2021-06-22,26.2,0.00,0.00,0.00,0.00
2021-06-23,27.9,0.00,0.00,0.00,0.00
2021-06-24,28.0,0.00,0.00,0.00,0.00
2021-06-25,27.6,0.90,0.90,0.00,0.00
2021-06-26,27.0,0.00,0.00,0.00,0.00
2021-06-27,26.7,0.90,0.90,0.00,0.00
2021-06-28,24.5,7.10,7.10,0.00,0.00
2021-06-29,19.8,1.60,1.60,0.00,0.00
2021-06-30,18.2,1.10,1.10,0.00,0.00
2021-07-01,19.8,4.20,4.20,0.00,0.00
2021-07-02,19.3,1.10,1.10,0.00,0.00
2021-07-03,18.7,0.00,0.00,0.00,0.00
2021-07-04,18.8,0.20,0.20,0.00,0.00
2021-07-05,20.7,0.00,0.00,0.00,0.00
2021-07-06,21.4,0.00,0.00,0.00,0.00
2021-07-07,22.1,0.00,0.00,0.00,0.00
2021-07-08,23.8,0.00,0.00,0.00,0.00
2021-07-09,25.3,0.00,0.00,0.00,0.00
2021-07-10,26.1,0.10,0.10,0.00,0.00
2021-07-11,26.4,0.00,0.00,0.00,0.00
2021-07-12,25.3,0.00,0.00,0.00,0.00
2021-07-13,26.3,0.00,0.00,0.00,0.00
2021-07-14,27.4,0.00,0.00,0.00,0.00
2021-07-15,24.9,0.30,0.30,0.00,0.00
2021-07-16,26.4,0.00,0.00,0.00,0.00
2021-07-17,25.7,1.80,1.80,0.00,0.00
2021-07-18,25.0,0.10,0.10,0.00,0.00
2021-07-19,24.7,0.00,0.00,0.00,0.00
2021-07-20,22.7,0.00,0.00,0.00,0.00
2021-07-21,19.9,0.00,0.00,0.00,0.00
2021-07-22,18.1,0.00,0.00,0.00,0.00
2021-07-23,17.7,1.10,1.10,0.00,0.00
2021-07-24,17.0,0.50,0.50,0.00,0.00
2021-07-25,18.3,0.30,0.30,0.00,0.00
2021-07-26,20.7,0.00,0.00,0.00,0.00
2021-07-27,22.1,0.00,0.00,0.00,0.00
2021-07-28,19.9,6.20,6.20,0.00,0.00
2021-07-29,21.2,7.20,7.20,0.00,0.00
2021-07-30,20.7,9.90,9.90,0.00,0.00
2021-07-31,20.8,0.20,0.20,0.00,0.00
2021-08-01,20.3,3.00,3.00,0.00,0.00
2021-08-02,23.4,2.60,2.60,0.00,0.00
2021-08-03,20.3,0.20,0.20,0.00,0.00
2021-08-04,17.9,0.00,0.00,0.00,0.00
2021-08-05,17.4,0.20,0.20,0.00,0.00
2021-08-06,18.9,4.10,4.10,0.00,0.00
2021-08-07,22.6,1.80,1.80,0.00,0.00
2021-08-08,21.5,2.00,2.00,0.00,0.00
2021-08-09,22.0,0.00,0.00,0.00,0.00
2021-08-10,22.6,9.50,9.50,0.00,0.00
2021-08-11,20.3,22.50,22.50,0.00,0.00
2021-08-12,19.4,20.90,20.90,0.00,0.00
2021-08-13,17.9,0.20,0.20,0.00,0.00
2021-08-14,18.4,0.30,0.30,0.00,0.00
2021-08-15,19.6,0.00,0.00,0.00,0.00
2021-08-16,21.3,0.20,0.20,0.00,0.00
2021-08-17,22.5,0.00,0.00,0.00,0.00
2021-08-18,22.8,0.90,0.90,0.00,0.00
2021-08-19,20.2,1.60,1.60,0.00,0.00
2021-08-20,19.4,0.00,0.00,0.00,0.00
2021-08-21,17.9,6.60,6.60,0.00,0.00
2021-08-22,16.6,0.50,0.50,0.00,0.00
2021-08-23,15.4,0.00,0.00,0.00,0.00
2021-08-24,14.8,0.10,0.10,0.00,0.00
2021-08-25,13.8,0.00,0.00,0.00,0.00
2021-08-26,16.7,2.70,2.70,0.00,0.00
2021-08-27,17.8,3.40,3.40,0.00,0.00
2021-08-28,16.5,0.00,0.00,0.00,0.00
2021-08-29,17.7,0.10,0.10,0.00,0.00
2021-08-30,18.7,6.00,6.00,0.00,0.00
2021-08-31,19.9,0.30,0.30,0.00,0.00
2021-09-01,16.6,13.70,13.70,0.00,0.00
2021-09-02,11.9,0.20,0.20,0.00,0.00
2021-09-03,9.1,5.80,5.80,0.00,0.00
2021-09-04,8.0,2.50,2.50,0.00,0.00
2021-09-05,7.3,1.10,1.10,0.00,0.00
2021-09-06,7.7,0.10,0.10,0.00,0.00
2021-09-07,10.1,1.80,1.80,0.00,0.00
2021-09-08,12.8,1.20,1.20,0.00,0.00
2021-09-09,15.2,0.80,0.80,0.00,0.00
2021-09-10,15.7,0.80,0.80,0.00,0.00
2021-09-11,14.1,0.00,0.00,0.00,0.00
2021-09-12,17.2,0.10,0.10,0.00,0.00
2021-09-13,17.6,0.00,0.00,0.00,0.00
2021-09-14,12.2,0.00,0.00,0.00,0.00
2021-09-15,9.6,0.00,0.00,0.00,0.00
2021-09-16,7.5,0.10,0.10,0.00,0.00
2021-09-17,6.7,0.20,0.20,0.00,0.00
2021-09-18,6.3,0.00,0.00,0.00,0.00
2021-09-19,6.5,3.50,3.50,0.00,0.00
2021-09-20,5.7,13.20,13.20,0.00,0.00
2021-09-21,6.4,14.60,14.60,0.00,0.00
2021-09-22,6.6,6.00,6.00,0.00,0.00
2021-09-23,8.0,6.20,6.20,0.00,0.00
2021-09-24,8.4,0.50,0.50,0.00,0.00
2021-09-25,8.3,6.40,6.40,0.00,0.00
2021-09-26,9.4,7.10,7.10,0.00,0.00
2021-09-27,8.8,0.80,0.80,0.00,0.00
2021-09-28,7.3,0.10,0.10,0.00,0.00
2021-09-29,5.4,0.00,0.00,0.00,0.00
2021-09-30,6.0,0.00,0.00,0.00,0.00
2021-10-01,5.6,0.00,0.00,0.00,0.00
2021-10-02,5.9,0.00,0.00,0.00,0.00
2021-10-03,5.3,0.00,0.00,0.00,0.00
2021-10-04,5.7,0.00,0.00,0.00,0.00
2021-10-05,7.0,0.00,0.00,0.00,0.00
2021-10-06,6.9,0.00,0.00,0.00,0.00
2021-10-07,4.2,0.00,0.00,0.00,0.00
2021-10-08,3.7,0.00,0.00,0.00,0.00
2021-10-09,4.0,0.00,0.00,0.00,0.00
2021-10-10,4.9,0.00,0.00,0.00,0.00
2021-10-11,4.7,0.00,0.00,0.00,0.00
2021-10-12,6.8,0.00,0.00,0.00,0.00
2021-10-13,8.9,0.50,0.50,0.00,0.00
2021-10-14,7.8,11.20,11.20,0.00,0.00
2021-10-15,6.5,9.10,9.10,0.00,0.00
2021-10-16,8.5,0.60,0.60,0.00,0.00
2021-10-17,5.2,0.00,0.00,0.00,0.00
2021-10-18,4.4,2.20,2.20,0.00,0.00
2021-10-19,3.0,0.50,0.50,0.00,0.00
2021-10-20,1.5,3.00,2.30,0.49,0.01
2021-10-21,10.0,2.90,2.90,0.00,0.01
2021-10-22,10.3,0.50,0.50,0.00,0.00
2021-10-23,5.8,0.00,0.00,0.00,0.00
2021-10-24,2.6,0.60,0.60,0.00,0.00
2021-10-25,0.1,0.00,0.00,0.00,0.00
2021-10-26,2.7,0.00,0.00,0.00,0.00
2021-10-27,4.2,0.10,0.10,0.00,0.00
2021-10-28,6.5,0.90,0.90,0.00,0.00
2021-10-29,5.2,0.50,0.50,0.00,0.00
2021-10-30,8.6,0.00,0.00,0.00,0.00
2021-10-31,5.6,0.00,0.00,0.00,0.00
2021-11-01,4.3,0.00,0.00,0.00,0.00
2021-11-02,2.1,0.00,0.00,0.00,0.00
2021-11-03,4.3,1.70,1.70,0.00,0.00
2021-11-04,6.9,4.00,4.00,0.00,0.00
2021-11-05,8.7,4.90,4.90,0.00,0.00
2021-11-06,8.0,0.40,0.40,0.00,0.00
2021-11-07,5.4,3.70,3.70,0.00,0.00
2021-11-08,5.5,2.30,2.30,0.00,0.00
2021-11-09,-0.3,2.80,1.50,0.91,0.01
2021-11-10,-1.9,0.00,0.00,0.00,0.01
2021-11-11,1.1,4.30,1.70,1.82,0.02
2021-11-12,2.2,4.60,0.40,2.94,0.05
2021-11-13,3.6,0.60,0.60,0.00,0.03
2021-11-14,0.9,1.40,1.20,0.14,0.02
2021-11-15,-0.7,0.20,0.00,0.14,0.02
2021-11-16,-1.2,0.00,0.00,0.00,0.02
2021-11-17,-1.2,0.00,0.00,0.00,0.02
2021-11-18,-1.0,0.40,0.00,0.28,0.02
2021-11-19,1.1,0.90,0.70,0.14,0.02
2021-11-20,1.0,8.10,2.40,3.99,0.05
2021-11-21,0.7,1.90,0.00,1.33,0.06
2021-11-22,-2.5,0.20,0.00,0.14,0.05
2021-11-23,-4.4,0.00,0.00,0.00,0.05
2021-11-24,-4.1,2.30,0.00,1.61,0.07
2021-11-25,1.4,0.40,0.30,0.07,0.07
2021-11-26,1.3,0.50,0.50,0.00,0.05
2021-11-27,1.2,3.30,1.50,1.26,0.04
2021-11-28,2.3,0.80,0.80,0.00,0.04
2021-11-29,3.0,2.10,2.10,0.00,0.02
2021-11-30,1.9,19.80,14.10,3.99,0.03
2021-12-01,-4.1,6.90,0.00,4.83,0.06
2021-12-02,-5.5,2.70,0.10,1.89,0.08
2021-12-03,0.7,6.80,0.10,4.69,0.10
2021-12-04,-3.5,0.20,0.00,0.14,0.10
2021-12-05,-4.0,2.10,0.00,1.47,0.13
2021-12-06,-4.1,1.00,0.00,0.70,0.14
2021-12-07,-2.1,9.10,0.00,6.37,0.20
2021-12-08,-6.5,0.30,0.00,0.21,0.21
2021-12-09,-12.4,0.40,0.00,0.28,0.22
2021-12-10,-14.0,0.00,0.00,0.00,0.22
2021-12-11,-14.3,0.00,0.00,0.00,0.22
2021-12-12,-6.6,0.20,0.00,0.14,0.22
2021-12-13,-2.9,4.20,0.80,2.38,0.26
2021-12-14,-4.1,6.30,0.00,4.41,0.30
2021-12-15,-3.9,0.40,0.00,0.28,0.30
2021-12-16,-0.3,3.50,0.20,2.31,0.32
2021-12-17,0.3,0.60,0.30,0.21,0.32
2021-12-18,-1.8,0.50,0.10,0.28,0.32
2021-12-19,-2.1,5.80,0.10,4.06,0.35
2021-12-20,-9.1,2.40,0.00,1.75,0.37
2021-12-21,-18.1,0.60,0.00,0.49,0.39
2021-12-22,-23.4,0.20,0.00,0.14,0.39
2021-12-23,-14.5,0.10,0.00,0.07,0.39
2021-12-24,-12.0,0.40,0.00,0.28,0.39
2021-12-25,-11.0,3.30,0.00,2.31,0.42
2021-12-26,-9.6,1.60,0.00,1.12,0.42
2021-12-27,-12.5,0.20,0.00,0.14,0.42
2021-12-28,-14.0,0.10,0.00,0.07,0.42
2021-12-29,-13.4,0.00,0.00,0.00,0.41
2021-12-30,-11.2,0.00,0.00,0.00,0.41
2021-12-31,-6.4,1.60,0.00,1.12,0.41
2022-01-01,-2.0,2.20,0.00,1.54,0.42
2022-01-02,-7.5,0.00,0.00,0.00,0.42
2022-01-03,-9.9,0.00,0.00,0.00,0.41
2022-01-04,-9.3,0.10,0.00,0.07,0.41
2022-01-05,-8.0,5.00,0.00,3.50,0.45
2022-01-06,-1.1,1.20,0.00,0.84,0.45
2022-01-07,-4.9,0.60,0.00,0.42,0.45
2022-01-08,-7.1,0.30,0.00,0.21,0.45
2022-01-09,-5.6,3.90,0.00,2.73,0.47
2022-01-10,-7.3,4.90,0.00,3.50,0.52
2022-01-11,-10.4,0.30,0.00,0.21,0.52
2022-01-12,-15.3,0.10,0.00,0.07,0.52
2022-01-13,-13.5,1.20,0.00,0.84,0.55
2022-01-14,0.1,1.90,0.90,0.70,0.57
2022-01-15,-2.7,1.40,0.00,0.98,0.56
2022-01-16,-5.2,0.00,0.00,0.00,0.55
2022-01-17,-3.5,3.20,0.00,2.24,0.55
2022-01-18,-4.6,2.80,0.00,2.03,0.56
2022-01-19,-9.2,0.10,0.00,0.07,0.55
2022-01-20,-3.8,1.40,0.00,0.98,0.54
2022-01-21,-5.1,4.00,0.00,2.80,0.58
2022-01-22,-5.4,2.20,0.00,1.54,0.59
2022-01-23,-5.5,0.30,0.00,0.28,0.59
2022-01-24,-8.9,0.00,0.00,0.00,0.58
2022-01-25,-9.5,0.70,0.00,0.49,0.58
2022-01-26,-6.9,2.00,0.00,1.40,0.60
2022-01-27,-9.5,0.00,0.00,0.00,0.60
2022-01-28,-7.3,1.60,0.00,1.12,0.60
2022-01-29,-6.4,3.00,0.00,2.10,0.61
2022-01-30,-4.8,1.40,0.00,0.98,0.60
2022-01-31,-3.0,4.50,0.10,3.08,0.62
2022-02-01,-3.0,1.40,0.00,0.98,0.63
2022-02-02,-4.8,0.10,0.00,0.07,0.62
2022-02-03,-7.0,1.10,0.00,0.77,0.62
2022-02-04,-7.8,0.90,0.00,0.63,0.62
2022-02-05,-9.7,0.00,0.00,0.00,0.62
2022-02-06,-8.7,2.80,0.00,1.96,0.63
2022-02-07,-2.9,2.40,0.00,1.68,0.63
2022-02-08,-0.4,0.30,0.00,0.21,0.64
2022-02-09,-2.5,0.40,0.00,0.28,0.63
2022-02-10,-0.9,1.20,0.10,0.77,0.62
2022-02-11,-1.2,0.20,0.00,0.14,0.62
2022-02-12,-2.6,0.00,0.00,0.00,0.61
2022-02-13,-1.3,0.00,0.00,0.00,0.60
2022-02-14,-2.2,0.00,0.00,0.00,0.59
2022-02-15,-2.8,0.00,0.00,0.00,0.58
2022-02-16,-3.7,0.00,0.00,0.00,0.58
2022-02-17,0.0,2.50,1.90,0.42,0.57
2022-02-18,0.7,3.30,2.90,0.28,0.56
2022-02-19,-0.5,3.30,0.30,2.10,0.54
2022-02-20,0.4,2.50,0.60,1.33,0.54
2022-02-21,-0.8,2.50,0.10,1.68,0.54
2022-02-22,1.7,3.40,2.70,0.49,0.54
2022-02-23,0.0,0.70,0.00,0.49,0.53
2022-02-24,-2.2,0.20,0.00,0.14,0.53
2022-02-25,-2.8,0.00,0.00,0.00,0.52
2022-02-26,-1.1,0.10,0.00,0.07,0.51
2022-02-27,-3.4,0.00,0.00,0.00,0.51
2022-02-28,-5.4,0.00,0.00,0.00,0.50
2022-03-01,-7.0,0.00,0.00,0.00,0.50
2022-03-02,-5.3,0.00,0.00,0.00,0.50
2022-03-03,-4.7,0.00,0.00,0.00,0.50
2022-03-04,-4.2,0.00,0.00,0.00,0.49
2022-03-05,-2.4,0.30,0.00,0.28,0.49
2022-03-06,-4.6,0.00,0.00,0.00,0.49
2022-03-07,-2.0,1.20,0.00,0.91,0.49
2022-03-08,-5.2,2.30,0.00,1.61,0.51
2022-03-09,-11.2,0.00,0.00,0.00,0.51
2022-03-10,-11.6,0.00,0.00,0.00,0.50
2022-03-11,-9.2,0.00,0.00,0.00,0.50
2022-03-12,-5.0,0.90,0.10,0.56,0.50
2022-03-13,-3.0,0.00,0.00,0.00,0.50
2022-03-14,0.4,0.40,0.30,0.07,0.50
2022-03-15,-4.8,0.00,0.00,0.00,0.48
2022-03-16,-7.6,0.00,0.00,0.00,0.48
2022-03-17,-7.7,0.00,0.00,0.00,0.47
2022-03-18,-5.3,0.00,0.00,0.00,0.47
2022-03-19,-2.9,0.00,0.00,0.00,0.47
2022-03-20,-0.2,0.00,0.00,0.00,0.46
2022-03-21,1.5,0.00,0.00,0.00,0.44
2022-03-22,0.7,0.00,0.00,0.00,0.42
2022-03-23,-0.0,0.00,0.00,0.00,0.39
2022-03-24,1.0,0.00,0.00,0.00,0.37
2022-03-25,1.5,0.20,0.10,0.07,0.34
2022-03-26,2.5,3.20,2.20,0.70,0.32
2022-03-27,-3.1,1.40,0.00,0.98,0.30
2022-03-28,-3.6,6.60,1.90,3.29,0.33
2022-03-29,-0.6,0.50,0.00,0.35,0.33
2022-03-30,-4.5,0.10,0.00,0.07,0.33
2022-03-31,-2.5,1.30,0.00,0.91,0.34
2022-04-01,0.2,0.10,0.00,0.07,0.34
2022-04-02,-0.8,9.80,0.00,6.86,0.41
2022-04-03,-1.3,5.20,0.00,3.64,0.44
2022-04-04,-3.5,0.00,0.00,0.00,0.43
2022-04-05,-0.8,0.40,0.00,0.28,0.43
2022-04-06,0.2,2.80,0.40,1.68,0.43
2022-04-07,1.4,2.40,1.00,0.98,0.43
2022-04-08,8.1,0.50,0.50,0.00,0.41
2022-04-09,7.7,4.30,4.30,0.00,0.35
2022-04-10,6.5,6.10,6.10,0.00,0.29
2022-04-11,3.6,8.30,7.60,0.49,0.25
2022-04-12,5.3,4.90,4.90,0.00,0.22
2022-04-13,4.5,0.00,0.00,0.00,0.18
2022-04-14,5.0,0.00,0.00,0.00,0.14
2022-04-15,5.2,2.10,2.10,0.00,0.10
2022-04-16,2.9,3.70,3.70,0.00,0.07
2022-04-17,2.4,0.00,0.00,0.00,0.05
2022-04-18,4.1,0.00,0.00,0.00,0.04
2022-04-19,7.4,0.00,0.00,0.00,0.02
2022-04-20,8.7,0.00,0.00,0.00,0.01
2022-04-21,6.4,7.30,7.30,0.00,0.00
2022-04-22,6.6,0.00,0.00,0.00,0.00
2022-04-23,8.7,0.60,0.60,0.00,0.00
2022-04-24,8.9,3.90,3.90,0.00,0.00
2022-04-25,11.8,0.50,0.50,0.00,0.00
2022-04-26,11.7,0.10,0.10,0.00,0.00
2022-04-27,8.1,0.90,0.90,0.00,0.00
2022-04-28,4.3,0.10,0.10,0.00,0.00
2022-04-29,5.2,0.50,0.50,0.00,0.00
2022-04-30,3.6,0.20,0.20,0.00,0.00
2022-05-01,5.9,0.60,0.60,0.00,0.00
2022-05-02,8.4,0.30,0.30,0.00,0.00
2022-05-03,11.0,0.40,0.40,0.00,0.00
2022-05-04,6.1,1.50,1.10,0.28,0.00
2022-05-05,5.1,0.00,0.00,0.00,0.00
2022-05-06,9.7,0.10,0.10,0.00,0.00
2022-05-07,11.7,0.00,0.00,0.00,0.00
2022-05-08,12.9,2.00,2.00,0.00,0.00
2022-05-09,7.1,3.90,3.90,0.00,0.00
2022-05-10,6.6,0.10,0.10,0.00,0.00
2022-05-11,11.2,0.00,0.00,0.00,0.00
2022-05-12,12.9,6.10,6.10,0.00,0.00
2022-05-13,11.9,0.80,0.80,0.00,0.00
2022-05-14,11.5,0.50,0.50,0.00,0.00
2022-05-15,11.1,0.40,0.40,0.00,0.00
2022-05-16,10.1,0.40,0.40,0.00,0.00
2022-05-17,9.5,8.10,8.10,0.00,0.00
2022-05-18,10.5,0.40,0.40,0.00,0.00
2022-05-19,9.0,2.90,2.90,0.00,0.00
2022-05-20,8.3,0.00,0.00,0.00,0.00
2022-05-21,9.4,0.00,0.00,0.00,0.00
2022-05-22,7.6,0.00,0.00,0.00,0.00
2022-05-23,8.3,0.00,0.00,0.00,0.00
2022-05-24,7.3,0.00,0.00,0.00,0.00
2022-05-25,8.3,0.20,0.20,0.00,0.00
2022-05-26,12.7,6.60,6.60,0.00,0.00
2022-05-27,11.6,15.80,15.80,0.00,0.00
2022-05-28,9.4,2.90,2.90,0.00,0.00
2022-05-29,10.6,1.40,1.40,0.00,0.00
2022-05-30,13.5,0.00,0.00,0.00,0.00
2022-05-31,14.6,7.20,7.20,0.00,0.00
2022-06-01,17.1,0.20,0.20,0.00,0.00
2022-06-02,18.8,0.60,0.60,0.00,0.00
2022-06-03,16.4,4.30,4.30,0.00,0.00
2022-06-04,15.1,0.00,0.00,0.00,0.00
2022-06-05,14.2,2.50,2.50,0.00,0.00
2022-06-06,15.7,0.10,0.10,0.00,0.00
2022-06-07,15.1,0.00,0.00,0.00,0.00
2022-06-08,16.2,0.00,0.00,0.00,0.00
2022-06-09,19.3,0.00,0.00,0.00,0.00
2022-06-10,21.3,0.10,0.10,0.00,0.00
2022-06-11,20.0,0.00,0.00,0.00,0.00
2022-06-12,19.9,0.00,0.00,0.00,0.00
2022-06-13,18.7,7.90,7.90,0.00,0.00
2022-06-14,19.5,6.40,6.40,0.00,0.00
2022-06-15,15.6,0.00,0.00,0.00,0.00
2022-06-16,17.2,0.20,0.20,0.00,0.00
2022-06-17,15.4,8.80,8.80,0.00,0.00
2022-06-18,16.5,0.10,0.10,0.00,0.00
2022-06-19,19.2,0.30,0.30,0.00,0.00
2022-06-20,16.8,2.00,2.00,0.00,0.00
2022-06-21,15.9,1.00,1.00,0.00,0.00
2022-06-22,17.3,0.50,0.50,0.00,0.00
2022-06-23,18.2,0.00,0.00,0.00,0.00
2022-06-24,20.0,0.00,0.00,0.00,0.00
2022-06-25,22.3,0.00,0.00,0.00,0.00
2022-06-26,24.5,0.00,0.00,0.00,0.00
2022-06-27,26.1,0.00,0.00,0.00,0.00
2022-06-28,22.1,0.00,0.00,0.00,0.00
2022-06-29,18.3,0.00,0.00,0.00,0.00
2022-06-30,19.5,0.00,0.00,0.00,0.00
2022-07-01,18.1,0.00,0.00,0.00,0.00
2022-07-02,19.0,0.00,0.00,0.00,0.00
2022-07-03,23.6,0.40,0.40,0.00,0.00
2022-07-04,24.1,0.00,0.00,0.00,0.00
2022-07-05,24.1,0.10,0.10,0.00,0.00
2022-07-06,23.8,0.50,0.50,0.00,0.00
2022-07-07,24.8,1.90,1.90,0.00,0.00
2022-07-08,20.4,0.00,0.00,0.00,0.00
2022-07-09,20.5,1.00,1.00,0.00,0.00
2022-07-10,22.2,6.20,6.20,0.00,0.00
2022-07-11,25.0,0.50,0.50,0.00,0.00
2022-07-12,21.6,6.10,6.10,0.00,0.00
2022-07-13,19.5,0.20,0.20,0.00,0.00
2022-07-14,18.3,6.40,6.40,0.00,0.00
2022-07-15,18.4,0.20,0.20,0.00,0.00
2022-07-16,17.4,0.10,0.10,0.00,0.00
2022-07-17,17.3,1.20,1.20,0.00,0.00
2022-07-18,16.8,2.60,2.60,0.00,0.00
2022-07-19,16.3,0.50,0.50,0.00,0.00
2022-07-20,15.7,10.10,10.10,0.00,0.00
2022-07-21,17.0,19.10,19.10,0.00,0.00
2022-07-22,20.2,0.50,0.50,0.00,0.00
2022-07-23,21.5,0.00,0.00,0.00,0.00
2022-07-24,22.3,0.00,0.00,0.00,0.00
2022-07-25,21.6,1.40,1.40,0.00,0.00
2022-07-26,22.8,0.60,0.60,0.00,0.00
2022-07-27,24.2,0.20,0.20,0.00,0.00
2022-07-28,21.5,7.70,7.70,0.00,0.00
2022-07-29,18.9,0.00,0.00,0.00,0.00
2022-07-30,17.6,0.00,0.00,0.00,0.00
2022-07-31,18.6,0.00,0.00,0.00,0.00
2022-08-01,19.6,0.00,0.00,0.00,0.00
2022-08-02,20.2,0.00,0.00,0.00,0.00
2022-08-03,22.1,0.00,0.00,0.00,0.00
2022-08-04,22.9,0.00,0.00,0.00,0.00
2022-08-05,24.0,0.00,0.00,0.00,0.00
2022-08-06,24.1,0.10,0.10,0.00,0.00
2022-08-07,22.9,2.20,2.20,0.00,0.00
2022-08-08,19.0,4.90,4.90,0.00,0.00
2022-08-09,17.8,24.30,24.30,0.00,0.00
2022-08-10,18.2,0.00,0.00,0.00,0.00
2022-08-11,18.2,0.00,0.00,0.00,0.00
2022-08-12,19.3,0.00,0.00,0.00,0.00
2022-08-13,20.5,0.00,0.00,0.00,0.00
2022-08-14,21.7,0.00,0.00,0.00,0.00
2022-08-15,22.4,0.00,0.00,0.00,0.00
2022-08-16,22.7,0.00,0.00,0.00,0.00
2022-08-17,23.2,0.00,0.00,0.00,0.00
2022-08-18,23.3,0.00,0.00,0.00,0.00
2022-08-19,22.1,0.00,0.00,0.00,0.00
2022-08-20,19.1,0.10,0.10,0.00,0.00
2022-08-21,20.7,0.10,0.10,0.00,0.00
2022-08-22,22.9,0.00,0.00,0.00,0.00
2022-08-23,24.0,0.00,0.00,0.00,0.00
2022-08-24,23.7,0.00,0.00,0.00,0.00
2022-08-25,23.7,0.00,0.00,0.00,0.00
2022-08-26,23.4,0.00,0.00,0.00,0.00
2022-08-27,23.3,0.00,0.00,0.00,0.00
2022-08-28,23.5,0.00,0.00,0.00,0.00
2022-08-29,21.9,1.00,1.00,0.00,0.00
2022-08-30,21.4,3.20,3.20,0.00,0.00
2022-08-31,17.6,0.90,0.90,0.00,0.00
2022-09-01,11.5,0.10,0.10,0.00,0.00
2022-09-02,9.3,1.30,1.30,0.00,0.00
2022-09-03,10.3,0.00,0.00,0.00,0.00
2022-09-04,10.0,0.00,0.00,0.00,0.00
2022-09-05,8.3,1.50,1.50,0.00,0.00
2022-09-06,8.5,0.60,0.60,0.00,0.00
2022-09-07,8.9,4.50,4.50,0.00,0.00
2022-09-08,7.8,1.10,1.10,0.00,0.00
2022-09-09,7.4,0.00,0.00,0.00,0.00
2022-09-10,8.3,0.00,0.00,0.00,0.00
2022-09-11,9.4,0.00,0.00,0.00,0.00
2022-09-12,11.0,1.80,1.80,0.00,0.00
2022-09-13,10.9,2.00,2.00,0.00,0.00
2022-09-14,11.5,3.70,3.70,0.00,0.00
2022-09-15,11.4,2.90,2.90,0.00,0.00
2022-09-16,11.6,7.10,7.10,0.00,0.00
2022-09-17,11.8,0.10,0.10,0.00,0.00
2022-09-18,11.5,1.40,1.40,0.00,0.00
2022-09-19,11.4,4.50,4.50,0.00,0.00
2022-09-20,11.4,0.40,0.40,0.00,0.00
2022-09-21,9.4,3.40,3.40,0.00,0.00
2022-09-22,10.3,1.00,1.00,0.00,0.00
2022-09-23,10.2,0.30,0.30,0.00,0.00
2022-09-24,8.7,26.20,26.20,0.00,0.00
2022-09-25,7.7,6.60,6.60,0.00,0.00
2022-09-26,7.5,1.50,1.50,0.00,0.00
2022-09-27,6.6,0.00,0.00,0.00,0.00
2022-09-28,8.6,3.50,3.50,0.00,0.00
2022-09-29,9.5,0.30,0.30,0.00,0.00
2022-09-30,11.3,4.00,4.00,0.00,0.00
2022-10-01,12.6,10.60,10.60,0.00,0.00
2022-10-02,11.0,2.60,2.60,0.00,0.00
2022-10-03,12.3,12.50,12.50,0.00,0.00
2022-10-04,10.1,3.50,3.50,0.00,0.00
2022-10-05,7.6,1.70,1.70,0.00,0.00
2022-10-06,8.9,0.50,0.50,0.00,0.00
2022-10-07,11.1,0.10,0.10,0.00,0.00
2022-10-08,10.1,0.00,0.00,0.00,0.00
2022-10-09,10.8,4.70,4.70,0.00,0.00
2022-10-10,8.2,1.60,1.60,0.00,0.00
2022-10-11,4.8,0.00,0.00,0.00,0.00
2022-10-12,4.5,0.00,0.00,0.00,0.00
2022-10-13,5.8,0.10,0.10,0.00,0.00
2022-10-14,5.4,0.00,0.00,0.00,0.00
2022-10-15,7.0,0.00,0.00,0.00,0.00
2022-10-16,6.0,0.00,0.00,0.00,0.00
2022-10-17,6.6,1.60,1.60,0.00,0.00
2022-10-18,8.2,8.90,8.90,0.00,0.00
2022-10-19,6.8,0.10,0.10,0.00,0.00
2022-10-20,4.8,0.10,0.10,0.00,0.00
2022-10-21,4.0,1.10,1.10,0.00,0.00
2022-10-22,5.0,1.00,1.00,0.00,0.00
2022-10-23,5.1,0.30,0.30,0.00,0.00
2022-10-24,4.6,0.30,0.30,0.00,0.00
2022-10-25,-0.4,0.00,0.00,0.00,0.00
2022-10-26,1.0,0.00,0.00,0.00,0.00
2022-10-27,2.1,0.00,0.00,0.00,0.00
2022-10-28,5.6,1.40,1.40,0.00,0.00
2022-10-29,8.7,4.90,4.90,0.00,0.00
2022-10-30,6.4,1.80,1.60,0.14,0.00
2022-10-31,1.6,1.90,0.30,1.12,0.01
2022-11-01,0.8,0.00,0.00,0.00,0.01
2022-11-02,0.1,0.90,0.00,0.63,0.01
2022-11-03,-0.4,0.00,0.00,0.00,0.01
2022-11-04,-1.3,0.00,0.00,0.00,0.01
2022-11-05,-0.7,0.00,0.00,0.00,0.01
2022-11-06,-0.8,0.00,0.00,0.00,0.01
2022-11-07,1.1,2.40,0.40,1.40,0.03
2022-11-08,4.0,4.30,4.30,0.00,0.03
2022-11-09,7.3,0.20,0.20,0.00,0.01
2022-11-10,7.1,0.40,0.40,0.00,0.00
2022-11-11,7.7,1.90,1.90,0.00,0.00
2022-11-12,9.5,1.80,1.80,0.00,0.00
2022-11-13,6.9,0.90,0.90,0.00,0.00
2022-11-14,-0.1,0.10,0.10,0.00,0.00
2022-11-15,-2.5,4.10,0.10,2.80,0.02
2022-11-16,-3.9,0.90,0.00,0.63,0.03
2022-11-17,-4.3,1.50,0.00,1.12,0.04
2022-11-18,-5.6,4.10,0.00,2.87,0.07
2022-11-19,-6.5,0.10,0.00,0.07,0.07
2022-11-20,-3.7,3.10,0.00,2.17,0.08
2022-11-21,-5.1,0.00,0.00,0.00,0.08
2022-11-22,-2.3,11.90,2.20,6.79,0.13
2022-11-23,-0.5,0.20,0.10,0.07,0.13
2022-11-24,-5.1,0.20,0.00,0.21,0.15
2022-11-25,-6.5,0.00,0.00,0.00,0.15
2022-11-26,-5.9,0.20,0.00,0.14,0.15
2022-11-27,-4.6,0.20,0.20,0.00,0.15
2022-11-28,-4.9,0.80,0.00,0.56,0.15
2022-11-29,-7.5,0.00,0.00,0.00,0.15
2022-11-30,-10.6,0.00,0.00,0.00,0.15
2022-12-01,-9.4,0.00,0.00,0.00,0.15
2022-12-02,-8.8,0.00,0.00,0.00,0.15
2022-12-03,-8.1,0.00,0.00,0.00,0.15
2022-12-04,-9.1,0.00,0.00,0.00,0.14
2022-12-05,-11.4,0.00,0.00,0.00,0.14
2022-12-06,-9.5,0.00,0.00,0.00,0.14
2022-12-07,-9.4,0.00,0.00,0.00,0.14
2022-12-08,-7.1,1.90,0.00,1.33,0.15
2022-12-09,-4.9,0.50,0.00,0.35,0.16
2022-12-10,-3.1,11.30,0.00,7.91,0.22
2022-12-11,-1.2,9.60,5.70,2.73,0.26
2022-12-12,2.5,16.30,16.10,0.14,0.26
2022-12-13,-0.3,5.90,1.10,3.43,0.20
2022-12-14,-5.3,8.70,0.00,6.09,0.29
2022-12-15,-6.5,2.30,0.00,1.61,0.30
2022-12-16,-5.3,1.50,0.00,1.05,0.31
2022-12-17,-5.8,4.90,0.00,3.43,0.34
2022-12-18,-6.3,15.60,0.00,10.92,0.47
2022-12-19,-6.3,0.50,0.00,0.35,0.47
2022-12-20,-8.5,0.00,0.00,0.00,0.46
2022-12-21,-7.3,1.50,1.50,0.00,0.45
2022-12-22,0.8,5.60,5.60,0.00,0.46
2022-12-23,0.8,1.40,1.30,0.07,0.44
2022-12-24,0.8,3.80,1.90,1.33,0.41
2022-12-25,-4.5,0.00,0.00,0.00,0.40
2022-12-26,-7.3,0.00,0.00,0.00,0.39
2022-12-27,-5.6,4.00,0.00,2.80,0.41
2022-12-28,-2.0,3.70,0.00,2.59,0.42
2022-12-29,-2.9,1.10,0.00,0.77,0.42
2022-12-30,-1.0,3.00,0.30,1.89,0.43
2022-12-31,0.4,7.70,0.60,4.97,0.45
2023-01-01,2.3,5.20,4.40,0.56,0.45
2023-01-02,-1.2,4.10,3.70,0.28,0.40
2023-01-03,-1.7,8.30,2.20,4.27,0.42
2023-01-04,-3.3,1.70,0.00,1.19,0.42
2023-01-05,-7.3,1.30,0.00,0.91,0.43
2023-01-06,-23.1,0.00,0.00,0.00,0.42
2023-01-07,-25.7,0.00,0.00,0.00,0.42
2023-01-08,-19.3,0.00,0.00,0.00,0.42
2023-01-09,-20.1,0.00,0.00,0.00,0.42
2023-01-10,-16.0,0.70,0.00,0.49,0.42
2023-01-11,-12.1,1.20,0.10,0.84,0.43
2023-01-12,-8.8,0.00,0.00,0.00,0.43
2023-01-13,-6.1,0.00,0.00,0.00,0.43
2023-01-14,-3.1,3.20,0.10,2.17,0.42
2023-01-15,-3.2,0.50,0.00,0.35,0.42
2023-01-16,-4.4,0.40,0.00,0.35,0.42
2023-01-17,-1.4,3.30,0.00,2.31,0.43
2023-01-18,0.2,1.40,0.50,0.63,0.43
2023-01-19,1.5,7.30,5.10,1.54,0.42
2023-01-20,2.3,2.20,2.00,0.14,0.40
2023-01-21,-3.4,0.00,0.00,0.00,0.37
2023-01-22,-4.9,0.00,0.00,0.00,0.36
2023-01-23,-4.7,0.00,0.00,0.00,0.36
2023-01-24,-3.3,0.00,0.00,0.00,0.36
2023-01-25,-3.8,0.10,0.00,0.07,0.36
2023-01-26,-2.7,0.00,0.00,0.00,0.36
2023-01-27,-3.1,0.90,0.00,0.63,0.36
2023-01-28,-3.7,0.20,0.00,0.14,0.36
2023-01-29,-3.8,0.10,0.00,0.07,0.36
2023-01-30,-2.9,1.70,0.00,1.19,0.37
2023-01-31,-1.4,0.80,0.00,0.63,0.37
2023-02-01,-0.9,0.60,0.00,0.49,0.37
2023-02-02,-2.6,0.10,0.00,0.14,0.37
2023-02-03,-1.3,1.90,0.00,1.33,0.38
2023-02-04,-1.9,0.30,0.00,0.21,0.39
2023-02-05,-3.6,1.90,0.00,1.33,0.40
2023-02-06,-6.5,0.00,0.00,0.07,0.40
2023-02-07,-10.1,0.00,0.00,0.00,0.40
2023-02-08,-8.3,0.10,0.00,0.07,0.39
2023-02-09,-2.6,0.30,0.00,0.21,0.39
2023-02-10,-3.6,0.20,0.00,0.14,0.39
2023-02-11,-3.7,3.90,0.00,2.73,0.41
2023-02-12,-4.8,2.70,0.00,1.89,0.43
2023-02-13,-4.7,3.10,0.00,2.17,0.44
2023-02-14,-0.5,1.20,0.00,0.84,0.45
2023-02-15,-3.6,0.00,0.00,0.00,0.44
2023-02-16,-6.1,0.00,0.00,0.00,0.44
2023-02-17,-9.1,0.00,0.00,0.00,0.44
2023-02-18,-7.8,0.10,0.00,0.07,0.44
2023-02-19,-7.4,4.00,0.00,2.80,0.47
2023-02-20,-8.1,1.00,0.00,0.70,0.48
2023-02-21,-14.1,0.00,0.00,0.00,0.48
2023-02-22,-15.7,0.00,0.00,0.00,0.48
2023-02-23,-12.9,0.00,0.00,0.00,0.48
2023-02-24,-7.3,2.20,0.00,1.54,0.49
2023-02-25,-0.6,1.00,0.00,0.70,0.50
2023-02-26,-0.1,3.30,0.50,1.96,0.52
2023-02-27,-4.8,0.30,0.00,0.21,0.52
2023-02-28,-5.9,0.70,0.00,0.49,0.51
2023-03-01,-5.9,0.00,0.00,0.00,0.51
2023-03-02,-5.0,0.30,0.00,0.21,0.51
2023-03-03,-1.4,1.30,0.10,0.84,0.52
2023-03-04,-3.6,2.60,0.00,1.82,0.53
2023-03-05,-3.3,2.80,0.00,1.96,0.55
2023-03-06,-4.6,0.70,0.00,0.49,0.55
2023-03-07,-5.3,0.50,0.10,0.28,0.55
2023-03-08,-5.9,2.20,0.00,1.54,0.57
2023-03-09,-4.0,0.60,0.00,0.42,0.57
2023-03-10,-6.9,0.00,0.00,0.00,0.57
2023-03-11,-5.7,2.50,0.10,1.68,0.57
2023-03-12,1.4,16.70,13.80,2.03,0.58
2023-03-13,-4.9,0.00,0.00,0.00,0.57
2023-03-14,-0.2,2.30,1.00,0.91,0.57
2023-03-15,2.6,1.00,0.00,0.70,0.56
2023-03-16,1.2,2.00,1.90,0.07,0.54
2023-03-17,-0.9,0.00,0.00,0.00,0.54
2023-03-18,-4.7,0.00,0.00,0.00,0.52
2023-03-19,-5.5,0.00,0.00,0.00,0.52
2023-03-20,-3.4,0.00,0.00,0.00,0.52
2023-03-21,1.0,0.50,0.50,0.00,0.51
2023-03-22,1.8,0.00,0.00,0.00,0.49
2023-03-23,3.9,0.00,0.00,0.00,0.46
2023-03-24,4.7,5.10,5.10,0.00,0.41
2023-03-25,4.5,2.10,2.10,0.00,0.36
2023-03-26,3.8,8.50,8.50,0.00,0.32
2023-03-27,4.4,0.40,0.40,0.00,0.30
2023-03-28,4.1,0.00,0.00,0.00,0.26
2023-03-29,5.7,4.00,4.00,0.00,0.22
2023-03-30,3.4,0.20,0.20,0.00,0.18
2023-03-31,1.0,1.30,0.60,0.49,0.16
2023-04-01,3.8,2.60,0.10,1.75,0.17
2023-04-02,6.5,0.30,0.30,0.00,0.14
2023-04-03,8.0,0.60,0.60,0.00,0.10
2023-04-04,8.3,0.50,0.50,0.00,0.06
2023-04-05,7.4,0.00,0.00,0.00,0.04
2023-04-06,7.0,0.00,0.00,0.00,0.02
2023-04-07,4.9,0.00,0.00,0.00,0.01
2023-04-08,5.3,0.00,0.00,0.00,0.00
2023-04-09,7.0,0.00,0.00,0.00,0.00
2023-04-10,6.9,0.20,0.20,0.00,0.00
2023-04-11,8.6,2.60,2.60,0.00,0.00
2023-04-12,9.4,0.00,0.00,0.00,0.00
2023-04-13,9.8,0.00,0.00,0.00,0.00
2023-04-14,3.9,0.00,0.00,0.00,0.00
2023-04-15,2.9,0.00,0.00,0.00,0.00
2023-04-16,5.6,0.00,0.00,0.00,0.00
2023-04-17,7.4,0.30,0.20,0.07,0.00
2023-04-18,9.7,0.10,0.10,0.00,0.00
2023-04-19,10.0,0.00,0.00,0.00,0.00
2023-04-20,9.5,0.00,0.00,0.00,0.00
2023-04-21,9.5,0.00,0.00,0.00,0.00
2023-04-22,9.5,0.00,0.00,0.00,0.00
2023-04-23,11.2,0.00,0.00,0.00,0.00
2023-04-24,13.1,0.00,0.00,0.00,0.00
2023-04-25,12.4,0.50,0.50,0.00,0.00
2023-04-26,11.3,7.00,7.00,0.00,0.00
2023-04-27,13.0,0.70,0.70,0.00,0.00
2023-04-28,11.0,3.60,3.60,0.00,0.00
2023-04-29,6.9,13.90,13.90,0.00,0.02
2023-04-30,7.0,3.30,3.30,0.00,0.01
2023-05-01,6.6,2.30,2.30,0.00,0.00
2023-05-02,7.7,0.00,0.00,0.00,0.00
2023-05-03,10.0,1.40,1.40,0.00,0.00
2023-05-04,8.6,0.00,0.00,0.00,0.00
2023-05-05,5.3,0.50,0.50,0.00,0.00
2023-05-06,2.6,0.30,0.00,0.21,0.00
2023-05-07,3.1,0.10,0.10,0.00,0.00
2023-05-08,5.1,0.30,0.30,0.00,0.00
2023-05-09,7.5,0.00,0.00,0.00,0.00
2023-05-10,10.4,0.00,0.00,0.00,0.00
2023-05-11,12.4,1.20,1.20,0.00,0.00
2023-05-12,13.9,0.00,0.00,0.00,0.00
2023-05-13,15.6,0.00,0.00,0.00,0.00
2023-05-14,12.8,0.00,0.00,0.00,0.00
2023-05-15,12.6,0.00,0.00,0.00,0.00
2023-05-16,14.3,0.00,0.00,0.00,0.00
2023-05-17,16.4,0.00,0.00,0.00,0.00
2023-05-18,18.1,0.00,0.00,0.00,0.00
2023-05-19,14.0,3.70,3.70,0.00,0.00
2023-05-20,11.2,4.90,4.90,0.00,0.00
2023-05-21,12.4,2.60,2.60,0.00,0.00
2023-05-22,13.9,3.10,3.10,0.00,0.00
2023-05-23,15.4,1.20,1.20,0.00,0.00
2023-05-24,17.2,1.70,1.70,0.00,0.00
2023-05-25,17.0,5.20,5.20,0.00,0.00
2023-05-26,18.4,0.00,0.00,0.00,0.00
2023-05-27,16.8,0.00,0.00,0.00,0.00
2023-05-28,12.4,5.70,5.70,0.00,0.00
2023-05-29,14.4,0.00,0.00,0.00,0.00
2023-05-30,16.0,0.00,0.00,0.00,0.00
2023-05-31,11.4,9.10,9.10,0.00,0.00
2023-06-01,14.7,0.00,0.00,0.00,0.00
2023-06-02,15.9,0.30,0.30,0.00,0.00
2023-06-03,9.3,5.90,5.90,0.00,0.00
2023-06-04,10.0,0.20,0.20,0.00,0.00
2023-06-05,12.4,1.20,1.20,0.00,0.00
2023-06-06,14.3,0.00,0.00,0.00,0.00
2023-06-07,16.8,0.00,0.00,0.00,0.00
2023-06-08,17.3,0.00,0.00,0.00,0.00
2023-06-09,17.6,0.20,0.20,0.00,0.00
2023-06-10,12.7,0.00,0.00,0.00,0.00
2023-06-11,12.1,0.00,0.00,0.00,0.00
2023-06-12,14.1,0.00,0.00,0.00,0.00
2023-06-13,15.7,0.00,0.00,0.00,0.00
2023-06-14,17.5,0.00,0.00,0.00,0.00
2023-06-15,19.7,0.00,0.00,0.00,0.00
2023-06-16,21.3,0.00,0.00,0.00,0.00
2023-06-17,21.3,0.00,0.00,0.00,0.00
2023-06-18,19.1,0.00,0.00,0.00,0.00
2023-06-19,17.2,0.00,0.00,0.00,0.00
2023-06-20,18.3,0.10,0.10,0.00,0.00
2023-06-21,16.4,0.00,0.00,0.00,0.00
2023-06-22,18.5,0.00,0.00,0.00,0.00
2023-06-23,17.3,2.50,2.50,0.00,0.00
2023-06-24,16.5,0.70,0.70,0.00,0.00
2023-06-25,17.9,0.00,0.00,0.00,0.00
2023-06-26,19.3,0.00,0.00,0.00,0.00
2023-06-27,18.2,0.10,0.10,0.00,0.00
2023-06-28,17.1,2.10,2.10,0.00,0.00
2023-06-29,17.0,12.90,12.90,0.00,0.00
2023-06-30,15.6,5.00,5.00,0.00,0.00
2023-07-01,19.0,1.40,1.40,0.00,0.00
2023-07-02,19.1,0.10,0.10,0.00,0.00
2023-07-03,19.3,3.00,3.00,0.00,0.00
2023-07-04,19.3,0.00,0.00,0.00,0.00
2023-07-05,20.4,0.50,0.50,0.00,0.00
2023-07-06,22.2,0.00,0.00,0.00,0.00
2023-07-07,22.7,12.60,12.60,0.00,0.00
2023-07-08,19.9,2.60,2.60,0.00,0.00
2023-07-09,19.3,0.00,0.00,0.00,0.00
2023-07-10,16.7,0.50,0.50,0.00,0.00
2023-07-11,14.5,1.30,1.30,0.00,0.00
2023-07-12,13.6,0.20,0.20,0.00,0.00
2023-07-13,13.6,16.20,16.20,0.00,0.00
2023-07-14,15.5,1.70,1.70,0.00,0.00
2023-07-15,15.8,4.80,4.80,0.00,0.00
2023-07-16,17.6,0.60,0.60,0.00,0.00
2023-07-17,20.6,0.00,0.00,0.00,0.00
2023-07-18,21.0,8.60,8.60,0.00,0.00
2023-07-19,16.4,7.40,7.40,0.00,0.00
2023-07-20,16.8,0.60,0.60,0.00,0.00
2023-07-21,16.5,0.20,0.20,0.00,0.00
2023-07-22,17.5,0.00,0.00,0.00,0.00
2023-07-23,17.1,8.40,8.40,0.00,0.00
2023-07-24,15.7,2.40,2.40,0.00,0.00
2023-07-25,18.2,4.70,4.70,0.00,0.00
2023-07-26,20.2,4.50,4.50,0.00,0.00
2023-07-27,20.0,23.30,23.30,0.00,0.00
2023-07-28,20.7,6.60,6.60,0.00,0.00
2023-07-29,15.8,10.70,10.70,0.00,0.00
2023-07-30,17.6,0.40,0.40,0.00,0.00
2023-07-31,18.8,0.00,0.00,0.00,0.00
2023-08-01,20.1,0.00,0.00,0.00,0.00
2023-08-02,20.3,0.50,0.50,0.00,0.00
2023-08-03,22.6,0.00,0.00,0.00,0.00
2023-08-04,23.1,0.40,0.40,0.00,0.00
2023-08-05,22.8,0.00,0.00,0.00,0.00
2023-08-06,24.4,0.00,0.00,0.00,0.00
2023-08-07,24.6,0.00,0.00,0.00,0.00
2023-08-08,22.8,1.10,1.10,0.00,0.00
2023-08-09,20.8,0.20,0.20,0.00,0.00
2023-08-10,19.8,0.00,0.00,0.00,0.00
2023-08-11,21.0,1.40,1.40,0.00,0.00
2023-08-12,21.4,3.00,3.00,0.00,0.00
2023-08-13,18.8,1.50,1.50,0.00,0.00
2023-08-14,19.2,3.70,3.70,0.00,0.00
2023-08-15,20.2,0.10,0.10,0.00,0.00
2023-08-16,20.1,0.00,0.00,0.00,0.00
2023-08-17,20.9,0.00,0.00,0.00,0.00
2023-08-18,21.6,0.70,0.70,0.00,0.00
2023-08-19,21.7,0.00,0.00,0.00,0.00
2023-08-20,20.6,6.30,6.30,0.00,0.00
2023-08-21,17.0,0.00,0.00,0.00,0.00
2023-08-22,16.1,0.50,0.50,0.00,0.00
2023-08-23,15.6,1.80,1.80,0.00,0.00
2023-08-24,14.7,0.60,0.60,0.00,0.00
2023-08-25,14.4,0.00,0.00,0.00,0.00
2023-08-26,14.5,0.00,0.00,0.00,0.00
2023-08-27,15.3,0.20,0.20,0.00,0.00
2023-08-28,15.6,0.00,0.00,0.00,0.00
2023-08-29,13.7,0.40,0.40,0.00,0.00
2023-08-30,15.9,0.00,0.00,0.00,0.00
2023-08-31,18.2,0.00,0.00,0.00,0.00
2023-09-01,20.2,0.00,0.00,0.00,0.00
2023-09-02,17.2,6.10,6.10,0.00,0.00
2023-09-03,16.9,0.00,0.00,0.00,0.00
2023-09-04,16.1,0.30,0.30,0.00,0.00
2023-09-05,16.1,0.00,0.00,0.00,0.00
2023-09-06,16.1,0.50,0.50,0.00,0.00
2023-09-07,12.3,0.00,0.00,0.00,0.00
2023-09-08,11.6,0.30,0.30,0.00,0.00
2023-09-09,11.8,0.00,0.00,0.00,0.00
2023-09-10,13.3,0.00,0.00,0.00,0.00
2023-09-11,12.8,0.00,0.00,0.00,0.00
2023-09-12,12.7,0.00,0.00,0.00,0.00
2023-09-13,13.3,0.00,0.00,0.00,0.00
2023-09-14,13.6,0.00,0.00,0.00,0.00
2023-09-15,14.4,0.30,0.30,0.00,0.00
2023-09-16,12.3,0.10,0.10,0.00,0.00
2023-09-17,11.2,0.00,0.00,0.00,0.00
2023-09-18,12.6,0.00,0.00,0.00,0.00
2023-09-19,13.7,0.50,0.50,0.00,0.00
2023-09-20,17.6,0.00,0.00,0.00,0.00
2023-09-21,16.9,0.00,0.00,0.00,0.00
2023-09-22,17.3,0.00,0.00,0.00,0.00
2023-09-23,17.6,0.00,0.00,0.00,0.00
2023-09-24,18.3,0.00,0.00,0.00,0.00
2023-09-25,15.4,2.20,2.20,0.00,0.00
2023-09-26,11.4,0.00,0.00,0.00,0.00
2023-09-27,12.2,0.00,0.00,0.00,0.00
2023-09-28,14.1,0.00,0.00,0.00,0.00
2023-09-29,15.7,0.00,0.00,0.00,0.00
2023-09-30,16.0,0.00,0.00,0.00,0.00
2023-10-01,13.7,2.60,2.60,0.00,0.00
2023-10-02,10.3,0.20,0.20,0.00,0.00
2023-10-03,10.9,0.00,0.00,0.00,0.00
2023-10-04,13.6,1.30,1.30,0.00,0.00
2023-10-05,10.9,0.20,0.20,0.00,0.00
2023-10-06,9.0,3.50,3.50,0.00,0.00
2023-10-07,4.8,13.10,12.50,0.42,0.00
2023-10-08,3.8,6.20,5.70,0.35,0.00
2023-10-09,3.1,2.70,2.40,0.21,0.00
2023-10-10,2.4,1.10,0.70,0.28,0.00
2023-10-11,3.5,0.00,0.00,0.00,0.00
2023-10-12,9.3,3.50,3.50,0.00,0.00
2023-10-13,8.8,0.00,0.00,0.00,0.00
2023-10-14,9.4,4.90,4.90,0.00,0.00
2023-10-15,11.1,6.40,6.40,0.00,0.00
2023-10-16,6.7,5.00,5.00,0.00,0.00
2023-10-17,3.5,2.10,1.60,0.35,0.00
2023-10-18,4.1,2.70,2.70,0.00,0.00
2023-10-19,4.7,2.40,2.40,0.00,0.00
2023-10-20,4.0,1.00,1.00,0.00,0.00
2023-10-21,1.7,0.30,0.30,0.00,0.00
2023-10-22,1.2,0.60,0.20,0.28,0.00
2023-10-23,3.9,10.70,10.60,0.07,0.00
2023-10-24,1.0,2.20,1.10,0.77,0.00
2023-10-25,-1.5,0.00,0.00,0.00,0.01
2023-10-26,-1.8,0.60,0.00,0.42,0.01
2023-10-27,-1.6,9.50,0.00,6.65,0.07
2023-10-28,-0.7,7.40,1.20,4.34,0.08
2023-10-29,-0.4,1.90,0.00,1.33,0.10
2023-10-30,0.6,9.90,5.50,3.08,0.13
2023-10-31,6.9,0.00,0.00,0.00,0.07
2023-11-01,11.2,0.00,0.00,0.00,0.02
2023-11-02,7.3,9.30,9.30,0.00,0.00
2023-11-03,1.0,0.00,0.00,0.00,0.00
2023-11-04,2.2,2.10,2.10,0.00,0.00
2023-11-05,9.2,9.70,9.70,0.00,0.00
2023-11-06,9.2,6.50,6.50,0.00,0.00
2023-11-07,7.9,0.60,0.60,0.00,0.00
2023-11-08,5.9,0.80,0.80,0.00,0.00
2023-11-09,3.6,0.10,0.10,0.00,0.00
2023-11-10,4.5,0.00,0.00,0.00,0.00
2023-11-11,3.7,0.00,0.00,0.00,0.00
2023-11-12,4.0,7.40,7.40,0.00,0.00
2023-11-13,4.0,6.30,6.20,0.07,0.00
2023-11-14,3.0,5.30,5.30,0.00,0.00
2023-11-15,1.6,0.00,0.00,0.00,0.00
2023-11-16,0.2,0.20,0.00,0.14,0.01
2023-11-17,-4.0,0.00,0.00,0.00,0.01
2023-11-18,-7.2,0.00,0.00,0.00,0.01
2023-11-19,-6.7,0.00,0.00,0.00,0.01
2023-11-20,-6.9,0.00,0.00,0.00,0.02
2023-11-21,-8.1,0.50,0.00,0.42,0.02
2023-11-22,-7.6,0.40,0.00,0.28,0.03
2023-11-23,-7.6,2.30,0.00,1.61,0.04
2023-11-24,-6.6,2.90,0.00,2.03,0.08
2023-11-25,-6.6,1.10,0.00,0.77,0.10
2023-11-26,-5.8,0.90,0.00,0.63,0.11
2023-11-27,-1.0,17.10,1.80,10.71,0.22
2023-11-28,-5.3,0.90,0.00,0.63,0.21
2023-11-29,-9.0,1.00,0.00,0.70,0.21
2023-11-30,-2.8,3.40,0.00,2.38,0.24
2023-12-01,-5.4,1.60,0.00,1.12,0.27
2023-12-02,-6.5,0.30,0.00,0.21,0.27
2023-12-03,-6.0,8.90,0.00,6.23,0.33
2023-12-04,-7.5,0.80,0.00,0.56,0.34
2023-12-05,-12.4,0.40,0.00,0.28,0.34
2023-12-06,-14.8,0.00,0.00,0.00,0.34
2023-12-07,-12.7,0.00,0.00,0.00,0.34
2023-12-08,-14.3,0.00,0.00,0.00,0.34
2023-12-09,-14.7,1.70,0.00,1.19,0.37
2023-12-10,-11.7,2.50,0.00,1.75,0.39
2023-12-11,-8.0,2.90,0.20,1.89,0.41
2023-12-12,-6.9,3.80,0.00,2.73,0.42
2023-12-13,-11.1,2.90,0.00,2.03,0.43
2023-12-14,-11.0,5.80,0.00,4.06,0.45
2023-12-15,-8.8,10.20,0.10,7.07,0.54
2023-12-16,-7.4,0.40,0.00,0.28,0.54
2023-12-17,-2.3,2.60,0.20,1.68,0.53
2023-12-18,-1.8,0.00,0.00,0.00,0.53
2023-12-19,1.8,2.00,1.30,0.49,0.51
2023-12-20,1.8,1.10,1.10,0.00,0.45
2023-12-21,0.3,6.30,0.20,4.27,0.42
2023-12-22,-1.0,0.00,0.00,0.00,0.42
2023-12-23,0.6,1.40,0.60,0.56,0.41
2023-12-24,-3.8,2.20,0.00,1.54,0.41
2023-12-25,-4.7,1.00,0.00,0.70,0.41
2023-12-26,-2.0,1.40,0.00,0.98,0.42
2023-12-27,-4.2,0.10,0.00,0.07,0.42
2023-12-28,-4.3,0.00,0.00,0.00,0.42
2023-12-29,-2.3,2.70,0.40,1.61,0.43
2023-12-30,1.3,8.90,5.10,2.66,0.45
2023-12-31,-2.9,1.10,0.10,0.70,0.45
2024-01-01,-15.9,0.00,0.00,0.00,0.45
2024-01-02,-21.9,0.00,0.00,0.00,0.44
2024-01-03,-26.6,0.00,0.00,0.00,0.44
2024-01-04,-27.5,0.00,0.00,0.00,0.44
2024-01-05,-24.3,0.00,0.00,0.00,0.44
2024-01-06,-18.4,2.20,0.00,1.54,0.50
2024-01-07,-24.8,0.00,0.00,0.00,0.50
2024-01-08,-20.5,0.70,0.00,0.49,0.50
2024-01-09,-8.3,3.10,0.00,2.17,0.53
2024-01-10,-8.4,2.70,0.00,1.89,0.54
2024-01-11,-6.2,6.50,0.00,4.55,0.57
2024-01-12,-15.5,0.50,0.00,0.35,0.57
2024-01-13,-27.3,0.00,0.00,0.00,0.57
2024-01-14,-18.4,0.40,0.00,0.28,0.57
2024-01-15,-3.7,1.80,0.00,1.26,0.58
2024-01-16,-3.1,2.30,0.00,1.61,0.58
2024-01-17,-11.4,0.40,0.00,0.28,0.58
2024-01-18,-13.3,9.20,0.00,6.44,0.63
2024-01-19,-7.0,2.30,0.10,1.61,0.65
2024-01-20,-10.1,0.00,0.00,0.00,0.64
2024-01-21,-13.6,0.00,0.00,0.00,0.63
2024-01-22,-10.4,0.00,0.00,0.00,0.63
2024-01-23,-5.1,2.10,0.00,1.47,0.62
2024-01-24,-1.4,0.40,0.10,0.21,0.62
2024-01-25,-1.1,4.00,0.00,2.87,0.62
2024-01-26,-4.2,2.80,0.10,1.89,0.63
2024-01-27,-6.5,1.00,0.00,0.77,0.63
2024-01-28,-7.5,0.10,0.00,0.07,0.62
2024-01-29,-6.2,0.00,0.00,0.00,0.61
2024-01-30,-1.0,0.00,0.00,0.00,0.60
2024-01-31,-4.7,0.00,0.00,0.00,0.59
2024-02-01,-0.1,2.00,0.10,1.33,0.58
2024-02-02,-2.2,2.30,0.00,1.61,0.58
2024-02-03,-5.7,0.40,0.00,0.28,0.58
2024-02-04,-0.7,4.80,0.30,3.15,0.60
2024-02-05,-5.3,0.00,0.00,0.00,0.60
2024-02-06,-6.4,0.20,0.00,0.14,0.59
2024-02-07,-10.1,7.00,0.00,4.90,0.63
2024-02-08,-14.8,0.80,0.00,0.56,0.63
2024-02-09,-15.1,0.00,0.00,0.00,0.63
2024-02-10,-20.9,0.00,0.00,0.00,0.63
2024-02-11,-12.8,0.00,0.00,0.00,0.62
2024-02-12,-3.7,4.10,2.70,0.98,0.65
2024-02-13,-6.9,0.00,0.00,0.00,0.65
2024-02-14,-12.2,0.00,0.00,0.00,0.64
2024-02-15,-11.8,11.30,0.00,7.91,0.73
2024-02-16,-9.3,2.20,0.00,1.54,0.75
2024-02-17,-5.7,0.00,0.00,0.00,0.75
2024-02-18,-1.7,5.50,0.00,3.85,0.77
2024-02-19,-7.3,0.00,0.00,0.00,0.76
2024-02-20,-8.8,0.00,0.00,0.00,0.75
2024-02-21,-8.1,0.00,0.00,0.00,0.74
2024-02-22,-4.0,0.00,0.00,0.00,0.73
2024-02-23,-0.9,1.40,0.00,0.98,0.73
2024-02-24,-0.1,1.10,0.10,0.70,0.72
2024-02-25,-0.5,1.50,0.00,1.05,0.71
2024-02-26,-3.4,0.00,0.00,0.00,0.71
2024-02-27,-3.9,0.00,0.00,0.00,0.70
2024-02-28,-3.7,0.00,0.00,0.00,0.69
2024-02-29,-1.3,0.10,0.00,0.07,0.68
2024-03-01,-0.3,0.00,0.00,0.00,0.68
2024-03-02,-3.1,0.00,0.00,0.00,0.66
2024-03-03,-4.9,0.00,0.00,0.00,0.65
2024-03-04,-6.0,0.00,0.00,0.00,0.64
2024-03-05,-5.0,0.00,0.00,0.00,0.63
2024-03-06,-8.5,0.00,0.00,0.00,0.63
2024-03-07,-8.4,0.00,0.00,0.00,0.62
2024-03-08,-4.7,0.30,0.00,0.21,0.62
2024-03-09,-7.0,0.00,0.00,0.00,0.62
2024-03-10,-9.8,0.00,0.00,0.00,0.61
2024-03-11,-5.7,0.10,0.00,0.07,0.61
2024-03-12,-2.2,0.00,0.00,0.00,0.61
2024-03-13,-5.1,0.00,0.00,0.00,0.60
2024-03-14,-3.8,0.00,0.00,0.00,0.60
2024-03-15,-1.0,0.00,0.00,0.00,0.59
2024-03-16,0.6,0.00,0.00,0.00,0.58
2024-03-17,-0.7,0.00,0.00,0.00,0.55
2024-03-18,0.9,0.00,0.00,0.00,0.52
2024-03-19,-0.1,0.00,0.00,0.00,0.50
2024-03-20,-2.5,0.00,0.00,0.00,0.47
2024-03-21,-2.8,0.00,0.00,0.00,0.45
2024-03-22,-2.7,0.00,0.00,0.00,0.43
2024-03-23,2.6,4.20,4.20,0.00,0.41
2024-03-24,1.8,2.50,2.50,0.00,0.38
2024-03-25,1.3,0.00,0.00,0.00,0.35
2024-03-26,-0.2,0.00,0.00,0.00,0.31
2024-03-27,0.6,0.00,0.00,0.00,0.29
2024-03-28,-0.3,0.00,0.00,0.00,0.26
2024-03-29,3.1,0.20,0.20,0.00,0.24
2024-03-30,5.6,1.50,1.50,0.00,0.21
2024-03-31,7.4,0.00,0.00,0.00,0.17
2024-04-01,12.7,0.00,0.00,0.00,0.13
2024-04-02,14.3,0.00,0.00,0.00,0.07
2024-04-03,11.2,1.00,1.00,0.00,0.03
2024-04-04,3.7,0.50,0.50,0.00,0.01
2024-04-05,-0.6,0.00,0.00,0.00,0.01
2024-04-06,2.3,0.60,0.10,0.35,0.01
2024-04-07,6.9,0.10,0.10,0.00,0.01
2024-04-08,11.1,2.00,2.00,0.00,0.00
2024-04-09,13.1,0.50,0.50,0.00,0.00
2024-04-10,13.9,0.00,0.00,0.00,0.00
2024-04-11,13.8,0.00,0.00,0.00,0.00
2024-04-12,10.7,1.40,1.40,0.00,0.00
2024-04-13,8.8,0.10,0.10,0.00,0.00
2024-04-14,9.2,2.60,2.60,0.00,0.00
2024-04-15,7.3,2.70,2.70,0.00,0.00
2024-04-16,8.1,0.20,0.20,0.00,0.00
2024-04-17,9.1,5.90,5.90,0.00,0.00
2024-04-18,6.4,4.00,4.00,0.00,0.00
2024-04-19,8.0,3.60,3.60,0.00,0.00
2024-04-20,5.3,1.20,1.10,0.07,0.00
2024-04-21,10.1,0.00,0.00,0.00,0.00
2024-04-22,12.7,0.00,0.00,0.00,0.00
2024-04-23,8.5,0.00,0.00,0.00,0.00
2024-04-24,7.4,0.00,0.00,0.00,0.00
2024-04-25,13.2,1.40,1.40,0.00,0.00
2024-04-26,15.2,2.90,2.90,0.00,0.00
2024-04-27,11.5,16.90,16.90,0.00,0.00
2024-04-28,10.2,0.00,0.00,0.00,0.00
2024-04-29,11.9,0.00,0.00,0.00,0.00
2024-04-30,14.7,0.00,0.00,0.00,0.00
2024-05-01,14.1,0.10,0.10,0.00,0.00
2024-05-02,8.4,0.00,0.00,0.00,0.00
2024-05-03,5.5,0.00,0.00,0.00,0.00
2024-05-04,7.1,0.10,0.10,0.00,0.00
2024-05-05,8.7,4.40,4.40,0.00,0.00
2024-05-06,5.6,0.00,0.00,0.00,0.00
2024-05-07,2.7,8.40,4.80,2.52,0.00
2024-05-08,2.4,2.00,0.30,1.19,0.00
2024-05-09,1.7,1.80,0.10,1.19,0.01
2024-05-10,6.5,0.50,0.50,0.00,0.01
2024-05-11,7.3,3.10,3.10,0.00,0.00
2024-05-12,3.8,0.20,0.20,0.00,0.00
2024-05-13,4.8,0.00,0.00,0.00,0.00
2024-05-14,6.4,0.10,0.10,0.00,0.00
2024-05-15,9.6,0.10,0.10,0.00,0.00
2024-05-16,13.1,0.10,0.10,0.00,0.00
2024-05-17,15.1,3.30,3.30,0.00,0.00
2024-05-18,13.7,0.00,0.00,0.00,0.00
2024-05-19,13.3,0.00,0.00,0.00,0.00
2024-05-20,16.8,0.00,0.00,0.00,0.00
2024-05-21,17.1,7.40,7.40,0.00,0.00
2024-05-22,16.4,0.00,0.00,0.00,0.00
2024-05-23,14.3,0.00,0.00,0.00,0.00
2024-05-24,14.6,0.00,0.00,0.00,0.00
2024-05-25,16.5,0.00,0.00,0.00,0.00
2024-05-26,17.4,1.80,1.80,0.00,0.00
2024-05-27,17.1,0.00,0.00,0.00,0.00
2024-05-28,19.0,0.00,0.00,0.00,0.00
2024-05-29,21.2,0.00,0.00,0.00,0.00
2024-05-30,22.2,0.00,0.00,0.00,0.00
2024-05-31,22.3,0.00,0.00,0.00,0.00
2024-06-01,23.2,0.00,0.00,0.00,0.00
2024-06-02,21.9,1.60,1.60,0.00,0.00
2024-06-03,20.7,2.50,2.50,0.00,0.00
2024-06-04,19.6,1.60,1.60,0.00,0.00
2024-06-05,21.4,0.00,0.00,0.00,0.00
2024-06-06,20.2,2.30,2.30,0.00,0.00
2024-06-07,20.0,0.40,0.40,0.00,0.00
2024-06-08,19.2,0.00,0.00,0.00,0.00
2024-06-09,17.8,1.00,1.00,0.00,0.00
2024-06-10,18.2,0.40,0.40,0.00,0.00
2024-06-11,20.9,33.00,33.00,0.00,0.00
2024-06-12,21.5,11.90,11.90,0.00,0.00
2024-06-13,20.0,3.80,3.80,0.00,0.00
2024-06-14,18.6,1.60,1.60,0.00,0.00
2024-06-15,19.3,0.00,0.00,0.00,0.00
2024-06-16,20.5,1.50,1.50,0.00,0.00
2024-06-17,20.5,13.80,13.80,0.00,0.00
2024-06-18,20.2,3.10,3.10,0.00,0.00
2024-06-19,20.7,0.20,0.20,0.00,0.00
2024-06-20,18.7,16.80,16.80,0.00,0.00
2024-06-21,16.9,0.00,0.00,0.00,0.00
2024-06-22,17.0,0.00,0.00,0.00,0.00
2024-06-23,17.1,0.00,0.00,0.00,0.00
2024-06-24,16.7,0.40,0.40,0.00,0.00
2024-06-25,17.5,0.10,0.10,0.00,0.00
2024-06-26,18.4,0.30,0.30,0.00,0.00
2024-06-27,19.7,0.00,0.00,0.00,0.00
2024-06-28,20.7,0.00,0.00,0.00,0.00
2024-06-29,23.8,0.10,0.10,0.00,0.00
2024-06-30,24.2,0.50,0.50,0.00,0.00
2024-07-01,25.4,0.00,0.00,0.00,0.00
2024-07-02,26.6,0.00,0.00,0.00,0.00
2024-07-03,26.4,0.00,0.00,0.00,0.00
2024-07-04,25.9,0.00,0.00,0.00,0.00
2024-07-05,23.1,16.80,16.80,0.00,0.00
2024-07-06,19.4,0.70,0.70,0.00,0.00
2024-07-07,20.6,0.00,0.00,0.00,0.00
2024-07-08,22.1,0.00,0.00,0.00,0.00
2024-07-09,23.7,0.00,0.00,0.00,0.00
2024-07-10,22.1,0.10,0.10,0.00,0.00
2024-07-11,21.6,0.00,0.00,0.00,0.00
2024-07-12,22.8,0.00,0.00,0.00,0.00
2024-07-13,23.5,0.10,0.10,0.00,0.00
2024-07-14,24.9,0.30,0.30,0.00,0.00
2024-07-15,24.7,1.20,1.20,0.00,0.00
2024-07-16,24.5,1.30,1.30,0.00,0.00
2024-07-17,24.7,0.00,0.00,0.00,0.00
2024-07-18,24.3,0.90,0.90,0.00,0.00
2024-07-19,21.2,5.50,5.50,0.00,0.00
2024-07-20,20.1,1.20,1.20,0.00,0.00
2024-07-21,19.9,1.40,1.40,0.00,0.00
2024-07-22,18.7,7.90,7.90,0.00,0.00
2024-07-23,19.0,0.10,0.10,0.00,0.00
2024-07-24,19.8,0.00,0.00,0.00,0.00
2024-07-25,20.2,5.70,5.70,0.00,0.00
2024-07-26,19.3,0.00,0.00,0.00,0.00
2024-07-27,21.0,0.00,0.00,0.00,0.00
2024-07-28,20.7,7.30,7.30,0.00,0.00
2024-07-29,18.1,11.10,11.10,0.00,0.00
2024-07-30,17.3,0.70,0.70,0.00,0.00
2024-07-31,16.7,1.40,1.40,0.00,0.00
2024-08-01,16.5,5.40,5.40,0.00,0.00
2024-08-02,17.1,1.00,1.00,0.00,0.00
2024-08-03,18.2,0.60,0.60,0.00,0.00
2024-08-04,17.8,1.70,1.70,0.00,0.00
2024-08-05,18.4,2.10,2.10,0.00,0.00
2024-08-06,18.7,1.40,1.40,0.00,0.00
2024-08-07,18.9,0.20,0.20,0.00,0.00
2024-08-08,18.4,2.30,2.30,0.00,0.00
2024-08-09,17.8,0.80,0.80,0.00,0.00
2024-08-10,18.5,0.30,0.30,0.00,0.00
2024-08-11,17.1,7.70,7.70,0.00,0.00
2024-08-12,15.3,0.10,0.10,0.00,0.00
2024-08-13,15.5,0.80,0.80,0.00,0.00
2024-08-14,17.0,0.10,0.10,0.00,0.00
2024-08-15,15.5,0.00,0.00,0.00,0.00
2024-08-16,16.9,0.00,0.00,0.00,0.00
2024-08-17,19.4,1.80,1.80,0.00,0.00
2024-08-18,21.1,0.40,0.40,0.00,0.00
2024-08-19,21.4,0.00,0.00,0.00,0.00
2024-08-20,20.7,4.90,4.90,0.00,0.00
2024-08-21,17.7,0.00,0.00,0.00,0.00
2024-08-22,18.9,0.00,0.00,0.00,0.00
2024-08-23,18.5,16.50,16.50,0.00,0.00
2024-08-24,17.3,0.00,0.00,0.00,0.00
2024-08-25,20.0,0.00,0.00,0.00,0.00
2024-08-26,21.3,0.00,0.00,0.00,0.00
2024-08-27,22.5,0.00,0.00,0.00,0.00
2024-08-28,20.9,0.00,0.00,0.00,0.00
2024-08-29,19.3,0.00,0.00,0.00,0.00
2024-08-30,18.4,0.00,0.00,0.00,0.00
2024-08-31,19.3,0.00,0.00,0.00,0.00
2024-09-01,22.0,0.00,0.00,0.00,0.00
2024-09-02,20.2,0.00,0.00,0.00,0.00
2024-09-03,19.2,0.00,0.00,0.00,0.00
2024-09-04,17.7,0.00,0.00,0.00,0.00
2024-09-05,14.7,0.00,0.00,0.00,0.00
2024-09-06,15.8,0.00,0.00,0.00,0.00
2024-09-07,17.6,0.00,0.00,0.00,0.00
2024-09-08,17.2,0.00,0.00,0.00,0.00
2024-09-09,17.9,0.00,0.00,0.00,0.00
2024-09-10,19.3,0.10,0.10,0.00,0.00
2024-09-11,19.9,0.00,0.00,0.00,0.00
2024-09-12,20.9,0.00,0.00,0.00,0.00
2024-09-13,21.5,0.00,0.00,0.00,0.00
2024-09-14,18.9,0.00,0.00,0.00,0.00
2024-09-15,18.6,0.00,0.00,0.00,0.00
2024-09-16,17.0,0.00,0.00,0.00,0.00
2024-09-17,17.0,0.00,0.00,0.00,0.00
2024-09-18,17.3,0.00,0.00,0.00,0.00
2024-09-19,15.6,0.00,0.00,0.00,0.00
2024-09-20,15.1,0.00,0.00,0.00,0.00
2024-09-21,15.9,0.00,0.00,0.00,0.00
2024-09-22,10.6,0.00,0.00,0.00,0.00
2024-09-23,9.0,0.00,0.00,0.00,0.00
2024-09-24,11.5,0.00,0.00,0.00,0.00
2024-09-25,15.5,0.00,0.00,0.00,0.00
2024-09-26,16.4,0.00,0.00,0.00,0.00
2024-09-27,16.3,4.40,4.40,0.00,0.00
2024-09-28,17.7,4.00,4.00,0.00,0.00
2024-09-29,16.0,4.90,4.90,0.00,0.00
2024-09-30,10.5,0.00,0.00,0.00,0.00
2024-10-01,11.4,0.00,0.00,0.00,0.00
2024-10-02,13.1,0.00,0.00,0.00,0.00
2024-10-03,12.6,0.00,0.00,0.00,0.00
2024-10-04,10.9,9.50,9.50,0.00,0.00
2024-10-05,10.3,0.20,0.20,0.00,0.00
2024-10-06,8.7,8.70,8.70,0.00,0.00
2024-10-07,13.4,11.60,11.60,0.00,0.00
2024-10-08,12.4,9.80,9.80,0.00,0.00
2024-10-09,8.0,1.30,1.30,0.00,0.00
2024-10-10,7.6,0.00,0.00,0.00,0.00
2024-10-11,10.0,0.00,0.00,0.00,0.00
2024-10-12,10.0,0.10,0.10,0.00,0.00
2024-10-13,5.8,0.00,0.00,0.00,0.00
2024-10-14,2.3,11.70,0.70,7.70,0.06
2024-10-15,4.9,3.80,2.60,0.84,0.06
2024-10-16,5.7,3.50,3.50,0.00,0.04
2024-10-17,2.3,0.00,0.00,0.00,0.02
2024-10-18,1.4,0.00,0.00,0.00,0.01
2024-10-19,2.3,0.00,0.00,0.00,0.01
2024-10-20,5.5,0.00,0.00,0.00,0.01
2024-10-21,6.7,0.00,0.00,0.00,0.00
2024-10-22,7.4,0.00,0.00,0.00,0.00
2024-10-23,8.9,4.30,4.30,0.00,0.00
2024-10-24,7.2,4.30,4.30,0.00,0.00
2024-10-25,5.0,0.40,0.40,0.00,0.00
2024-10-26,2.9,0.00,0.00,0.00,0.00
2024-10-27,5.3,0.00,0.00,0.00,0.00
2024-10-28,5.5,2.00,2.00,0.00,0.00
2024-10-29,5.6,0.70,0.70,0.00,0.00
2024-10-30,4.2,5.60,5.60,0.00,0.00
2024-10-31,3.4,1.20,1.20,0.00,0.00
2024-11-01,5.5,14.90,14.50,0.28,0.00
2024-11-02,0.8,8.20,6.70,1.05,0.01
2024-11-03,-0.3,0.20,0.00,0.14,0.01
2024-11-04,-1.0,7.10,0.00,5.04,0.06
2024-11-05,-1.3,0.40,0.00,0.35,0.06
2024-11-06,-1.2,3.10,1.30,1.26,0.07
2024-11-07,3.7,0.00,0.00,0.00,0.05
2024-11-08,4.0,0.20,0.20,0.00,0.02
2024-11-09,3.7,0.00,0.00,0.00,0.01
2024-11-10,3.7,0.00,0.00,0.00,0.00
2024-11-11,0.1,0.00,0.00,0.00,0.00
2024-11-12,-0.6,0.00,0.00,0.00,0.00
2024-11-13,0.8,0.00,0.00,0.00,0.00
2024-11-14,-0.3,0.10,0.00,0.07,0.00
2024-11-15,-0.1,3.00,0.00,2.10,0.02
2024-11-16,2.9,0.70,0.20,0.35,0.03
2024-11-17,5.0,0.90,0.90,0.00,0.01
2024-11-18,3.7,0.60,0.60,0.00,0.00
2024-11-19,2.3,0.70,0.70,0.00,0.00
2024-11-20,2.5,2.10,0.00,1.47,0.01
2024-11-21,7.3,15.50,15.50,0.00,0.01
2024-11-22,0.3,1.00,0.90,0.07,0.00
2024-11-23,0.3,14.20,0.30,9.73,0.06
2024-11-24,-2.6,0.70,0.00,0.49,0.07
2024-11-25,-4.6,0.00,0.00,0.00,0.07
2024-11-26,-3.0,0.00,0.00,0.00,0.07
2024-11-27,-4.3,0.00,0.00,0.00,0.07
2024-11-28,-2.5,1.20,0.00,0.84,0.08
2024-11-29,-0.3,0.40,0.40,0.00,0.08
2024-11-30,0.2,0.00,0.00,0.00,0.08
2024-12-01,0.8,0.20,0.00,0.14,0.08
2024-12-02,-1.0,0.00,0.00,0.00,0.07
2024-12-03,0.4,0.00,0.00,0.00,0.07
2024-12-04,-0.9,0.40,0.20,0.14,0.08
2024-12-05,-5.2,0.00,0.00,0.00,0.08
2024-12-06,-5.5,0.00,0.00,0.00,0.08
2024-12-07,-3.4,7.70,0.00,5.39,0.12
2024-12-08,-2.5,9.10,0.00,6.37,0.19
2024-12-09,-2.3,1.80,0.10,1.19,0.22
2024-12-10,-4.5,0.00,0.00,0.00,0.22
2024-12-11,-4.6,0.00,0.00,0.00,0.22
2024-12-12,-3.2,0.80,0.00,0.56,0.22
2024-12-13,-7.1,0.30,0.00,0.21,0.22
2024-12-14,-6.8,2.70,0.00,1.89,0.24
2024-12-15,-4.7,3.70,0.00,2.66,0.26
2024-12-16,-1.7,4.00,0.00,2.80,0.29
2024-12-17,-1.8,3.70,0.00,2.59,0.29
2024-12-18,-10.9,0.20,0.00,0.14,0.29
2024-12-19,-13.0,2.10,0.20,1.33,0.31
2024-12-20,1.1,0.90,0.90,0.00,0.31
2024-12-21,-0.1,1.00,0.90,0.07,0.29
2024-12-22,-4.1,0.00,0.00,0.00,0.28
2024-12-23,-2.9,0.00,0.00,0.00,0.28
2024-12-24,-0.3,0.90,0.10,0.56,0.28
2024-12-25,-1.2,2.80,0.00,1.96,0.28
2024-12-26,-0.4,0.00,0.00,0.00,0.28
2024-12-27,0.6,0.00,0.00,0.00,0.28
2024-12-28,-1.0,0.00,0.00,0.00,0.27
2024-12-29,-0.5,0.00,0.00,0.00,0.26
2024-12-30,0.3,0.30,0.30,0.00,0.26
2024-12-31,-0.8,5.10,0.00,3.57,0.28
2025-01-01,-2.6,3.90,0.10,2.66,0.30
2025-01-02,2.1,2.00,1.90,0.07,0.30
2025-01-03,-3.7,3.50,0.70,1.96,0.28
2025-01-04,-5.3,0.80,0.00,0.56,0.28
2025-01-05,-4.9,0.50,0.00,0.35,0.29
2025-01-06,-5.8,0.00,0.00,0.00,0.29
2025-01-07,-2.1,6.10,2.60,2.45,0.30
2025-01-08,2.1,1.00,1.00,0.00,0.30
2025-01-09,-0.4,0.00,0.00,0.00,0.26
2025-01-10,0.9,2.40,2.10,0.21,0.04
2025-01-11,2.9,5.00,5.00,0.00,0.04
2025-01-12,-1.1,0.00,0.00,0.00,0.05
2025-01-13,-2.5,0.80,0.00,0.56,0.11
2025-01-14,-5.0,2.00,0.10,1.33,0.11
2025-01-15,-0.1,0.30,0.10,0.14,0.10
2025-01-16,-1.3,3.80,0.50,2.31,0.22
2025-01-17,2.4,0.00,0.00,0.00,0.22
2025-01-18,1.2,1.80,1.70,0.07,0.18
2025-01-19,-0.3,0.00,0.00,0.00,0.17
2025-01-20,0.3,0.00,0.00,0.00,0.17
2025-01-21,-5.7,0.00,0.00,0.00,0.16
2025-01-22,-5.4,0.90,0.00,0.63,0.17
2025-01-23,-2.6,0.00,0.00,0.00,0.17
2025-01-24,-2.0,0.00,0.00,0.00,0.16
2025-01-25,-0.5,0.00,0.00,0.00,0.16
2025-01-26,1.7,0.90,0.20,0.49,0.16
2025-01-27,3.4,2.40,2.40,0.00,0.15
2025-01-28,3.5,0.10,0.10,0.00,0.10
2025-01-29,3.4,0.10,0.10,0.00,0.06
2025-01-30,4.6,0.10,0.10,0.00,0.04
2025-01-31,3.3,0.00,0.00,0.00,0.02
2025-02-01,2.5,1.40,1.40,0.00,0.01
2025-02-02,0.4,0.40,0.00,0.28,0.01
2025-02-03,-0.7,0.10,0.00,0.07,0.01
2025-02-04,-1.8,0.00,0.00,0.00,0.01
2025-02-05,-1.5,0.00,0.00,0.00,0.02
2025-02-06,-1.5,0.00,0.00,0.00,0.02
2025-02-07,-3.7,0.00,0.00,0.00,0.02
2025-02-08,-4.0,0.00,0.00,0.00,0.02
2025-02-09,-4.4,0.00,0.00,0.00,0.02
2025-02-10,-5.0,0.00,0.00,0.00,0.02
2025-02-11,-5.9,0.00,0.00,0.00,0.02
2025-02-12,-6.8,0.00,0.00,0.00,0.02
2025-02-13,-7.1,0.00,0.00,0.00,0.02
2025-02-14,-6.9,0.20,0.00,0.21,0.02
2025-02-15,-8.5,0.20,0.00,0.14,0.03
2025-02-16,-10.7,0.50,0.00,0.35,0.03
2025-02-17,-12.2,0.00,0.00,0.00,0.03
2025-02-18,-10.9,0.30,0.00,0.21,0.03
2025-02-19,-7.5,0.10,0.00,0.07,0.04
2025-02-20,-9.2,0.00,0.00,0.00,0.04
2025-02-21,-7.6,0.00,0.00,0.00,0.04
2025-02-22,-7.4,0.00,0.00,0.00,0.04
2025-02-23,-9.6,0.00,0.00,0.00,0.04
2025-02-24,-10.5,0.00,0.00,0.00,0.04
2025-02-25,-9.5,0.00,0.00,0.00,0.04
2025-02-26,-6.6,0.00,0.00,0.00,0.04
2025-02-27,-6.4,0.00,0.00,0.00,0.04
2025-02-28,-4.2,0.00,0.00,0.00,0.03
2025-03-01,-0.7,0.00,0.00,0.00,0.03
2025-03-02,-1.1,0.40,0.00,0.28,0.02
2025-03-03,-0.4,1.20,0.00,0.84,0.03
2025-03-04,1.2,5.70,1.70,2.80,0.04
2025-03-05,1.2,3.20,0.70,1.75,0.03
2025-03-06,4.4,2.30,2.30,0.00,0.03
2025-03-07,7.0,0.00,0.00,0.00,0.01
2025-03-08,3.6,0.00,0.00,0.00,0.00
2025-03-09,5.6,0.00,0.00,0.00,0.00
2025-03-10,3.9,0.00,0.00,0.00,0.00
2025-03-11,6.8,0.20,0.20,0.00,0.00
2025-03-12,7.5,4.60,4.60,0.00,0.00
2025-03-13,7.0,0.20,0.20,0.00,0.00
2025-03-14,9.4,7.00,7.00,0.00,0.00
2025-03-15,0.3,0.00,0.00,0.00,0.00
2025-03-16,-0.1,0.00,0.00,0.00,0.00
2025-03-17,-1.7,1.80,0.00,1.26,0.01
2025-03-18,-2.3,0.00,0.00,0.00,0.01
2025-03-19,-0.2,0.90,0.30,0.42,0.01
2025-03-20,3.1,0.00,0.00,0.00,0.01
2025-03-21,4.6,0.00,0.00,0.00,0.00
2025-03-22,1.5,0.00,0.00,0.00,0.00
2025-03-23,0.7,0.00,0.00,0.00,0.00
2025-03-24,4.1,0.00,0.00,0.00,0.00
2025-03-25,3.9,5.20,5.00,0.14,0.00
2025-03-26,3.0,0.20,0.20,0.00,0.00
2025-03-27,4.8,1.80,1.80,0.00,0.00
2025-03-28,6.1,0.10,0.10,0.00,0.00
2025-03-29,6.9,0.00,0.00,0.00,0.00
2025-03-30,7.2,0.00,0.00,0.00,0.00
2025-03-31,9.3,0.00,0.00,0.00,0.00
2025-04-01,8.7,6.80,6.80,0.00,0.00
2025-04-02,8.6,3.60,3.60,0.00,0.00
2025-04-03,8.3,0.00,0.00,0.00,0.00
2025-04-04,8.8,0.00,0.00,0.00,0.00
2025-04-05,4.0,0.10,0.10,0.00,0.00
2025-04-06,-1.9,11.60,0.00,8.12,0.06
2025-04-07,-1.3,13.40,0.00,9.38,0.12
2025-04-08,-1.4,7.30,0.10,5.04,0.19
2025-04-09,-2.2,3.60,0.00,2.52,0.20
2025-04-10,-1.9,1.00,0.00,0.70,0.20
2025-04-11,-0.9,0.00,0.00,0.00,0.20
2025-04-12,-0.1,1.20,0.00,0.84,0.18
2025-04-13,3.0,2.40,0.00,1.68,0.17
2025-04-14,6.3,0.00,0.00,0.00,0.13
2025-04-15,11.5,0.00,0.00,0.00,0.06
2025-04-16,13.3,0.00,0.00,0.00,0.01
2025-04-17,12.9,0.00,0.00,0.00,0.00
2025-04-18,16.3,0.40,0.40,0.00,0.00
2025-04-19,18.1,1.20,1.20,0.00,0.00
2025-04-20,18.3,0.00,0.00,0.00,0.00
2025-04-21,18.5,0.00,0.00,0.00,0.00
2025-04-22,18.1,0.10,0.10,0.00,0.00
2025-04-23,18.2,0.30,0.30,0.00,0.00
2025-04-24,14.9,0.00,0.00,0.00,0.00
2025-04-25,12.8,3.30,3.30,0.00,0.00
2025-04-26,4.5,0.00,0.00,0.00,0.00
2025-04-27,2.6,0.30,0.00,0.21,0.00
2025-04-28,5.1,0.00,0.00,0.00,0.00
2025-04-29,7.9,3.00,3.00,0.00,0.00
2025-04-30,8.1,1.80,1.80,0.00,0.00
2025-05-01,6.4,21.10,21.10,0.00,0.00
2025-05-02,3.8,9.30,2.30,4.90,0.02
2025-05-03,8.1,0.40,0.40,0.00,0.01
2025-05-04,11.9,7.70,7.70,0.00,0.00
2025-05-05,11.3,3.50,3.50,0.00,0.00
2025-05-06,6.8,0.40,0.40,0.00,0.00
2025-05-07,9.4,0.10,0.10,0.00,0.00
2025-05-08,6.6,0.20,0.20,0.00,0.00
2025-05-09,6.0,0.00,0.00,0.00,0.00
2025-05-10,5.9,1.80,1.80,0.00,0.00
2025-05-11,5.1,1.20,1.20,0.00,0.00
2025-05-12,5.0,4.00,3.90,0.07,0.00
2025-05-13,6.3,7.10,7.10,0.00,0.00
2025-05-14,8.8,0.90,0.90,0.00,0.00
2025-05-15,11.4,0.10,0.10,0.00,0.00
2025-05-16,15.5,0.00,0.00,0.00,0.00
2025-05-17,16.3,0.00,0.00,0.00,0.00
2025-05-18,16.1,1.40,1.40,0.00,0.00
2025-05-19,13.9,1.90,1.90,0.00,0.00
2025-05-20,12.6,6.30,6.30,0.00,0.00
2025-05-21,14.6,0.80,0.80,0.00,0.00
2025-05-22,16.4,0.00,0.00,0.00,0.00
2025-05-23,20.2,0.00,0.00,0.00,0.00
2025-05-24,22.5,0.00,0.00,0.00,0.00
2025-05-25,23.2,0.00,0.00,0.00,0.00
2025-05-26,23.2,0.00,0.00,0.00,0.00
2025-05-27,22.9,0.00,0.00,0.00,0.00
2025-05-28,22.4,0.00,0.00,0.00,0.00
2025-05-29,23.8,0.10,0.10,0.00,0.00
2025-05-30,23.0,0.50,0.50,0.00,0.00
2025-05-31,21.0,3.50,3.50,0.00,0.00
2025-06-01,18.3,0.10,0.10,0.00,0.00
2025-06-02,17.8,0.00,0.00,0.00,0.00
2025-06-03,19.5,0.10,0.10,0.00,0.00
2025-06-04,18.7,0.40,0.40,0.00,0.00
2025-06-05,20.0,0.00,0.00,0.00,0.00
2025-06-06,21.6,2.70,2.70,0.00,0.00
2025-06-07,22.8,3.30,3.30,0.00,0.00
2025-06-08,22.1,1.90,1.90,0.00,0.00
2025-06-09,22.1,1.70,1.70,0.00,0.00
2025-06-10,17.3,0.00,0.00,0.00,0.00
2025-06-11,16.3,0.00,0.00,0.00,0.00
2025-06-12,17.8,3.70,3.70,0.00,0.00
2025-06-13,16.4,10.40,10.40,0.00,0.00
2025-06-14,14.5,10.00,10.00,0.00,0.00
2025-06-15,15.0,5.70,5.70,0.00,0.00
2025-06-16,18.4,0.00,0.00,0.00,0.00
2025-06-17,17.8,5.20,5.20,0.00,0.00
2025-06-18,16.5,4.10,4.10,0.00,0.00
2025-06-19,15.1,4.70,4.70,0.00,0.00
2025-06-20,13.6,7.80,7.80,0.00,0.00
2025-06-21,13.8,0.10,0.10,0.00,0.00
2025-06-22,13.2,2.60,2.60,0.00,0.00
2025-06-23,15.3,0.00,0.00,0.00,0.00
2025-06-24,16.3,1.90,1.90,0.00,0.00
2025-06-25,15.9,1.80,1.80,0.00,0.00
2025-06-26,15.7,1.10,1.10,0.00,0.00
2025-06-27,14.6,0.00,0.00,0.00,0.00
2025-06-28,16.6,0.00,0.00,0.00,0.00
2025-06-29,16.9,7.70,7.70,0.00,0.00
2025-06-30,12.5,8.30,8.30,0.00,0.00
2025-07-01,12.9,7.60,7.60,0.00,0.00
2025-07-02,15.5,1.50,1.50,0.00,0.00
2025-07-03,20.0,0.00,0.00,0.00,0.00
2025-07-04,20.9,1.50,1.50,0.00,0.00
2025-07-05,16.7,0.00,0.00,0.00,0.00
2025-07-06,16.5,0.10,0.10,0.00,0.00
2025-07-07,21.9,0.10,0.10,0.00,0.00
2025-07-08,24.9,1.60,1.60,0.00,0.00
2025-07-09,25.7,1.50,1.50,0.00,0.00
2025-07-10,27.9,0.00,0.00,0.00,0.00
2025-07-11,29.0,0.00,0.00,0.00,0.00
2025-07-12,29.0,0.60,0.60,0.00,0.00
2025-07-13,26.4,3.10,3.10,0.00,0.00
2025-07-14,23.8,1.80,1.80,0.00,0.00
2025-07-15,22.3,9.00,9.00,0.00,0.00
2025-07-16,21.0,7.40,7.40,0.00,0.00
2025-07-17,21.2,5.60,5.60,0.00,0.00
2025-07-18,21.6,0.00,0.00,0.00,0.00
2025-07-19,21.3,1.40,1.40,0.00,0.00
2025-07-20,21.9,0.60,0.60,0.00,0.00
2025-07-21,18.9,31.20,31.20,0.00,0.00
2025-07-22,19.5,3.20,3.20,0.00,0.00
2025-07-23,20.4,1.40,1.40,0.00,0.00
2025-07-24,21.3,3.00,3.00,0.00,0.00
2025-07-25,22.6,0.00,0.00,0.00,0.00
2025-07-26,20.9,0.00,0.00,0.00,0.00
2025-07-27,22.5,0.00,0.00,0.00,0.00
2025-07-28,25.0,0.00,0.00,0.00,0.00
2025-07-29,25.6,0.20,0.20,0.00,0.00
2025-07-30,25.4,0.10,0.10,0.00,0.00
2025-07-31,25.6,0.10,0.10,0.00,0.00
2025-08-01,22.1,18.30,18.30,0.00,0.00
2025-08-02,20.9,1.10,1.10,0.00,0.00
2025-08-03,21.1,0.20,0.20,0.00,0.00
2025-08-04,19.7,21.70,21.70,0.00,0.00
2025-08-05,20.5,7.40,7.40,0.00,0.00
2025-08-06,21.0,0.00,0.00,0.00,0.00
2025-08-07,18.1,5.20,5.20,0.00,0.00
2025-08-08,17.1,0.10,0.10,0.00,0.00
2025-08-09,15.9,10.30,10.30,0.00,0.00
2025-08-10,17.3,0.10,0.10,0.00,0.00
2025-08-11,16.6,1.90,1.90,0.00,0.00
2025-08-12,16.6,5.00,5.00,0.00,0.00
2025-08-13,16.7,1.00,1.00,0.00,0.00
2025-08-14,15.1,0.50,0.50,0.00,0.00
2025-08-15,18.2,0.00,0.00,0.00,0.00
2025-08-16,18.2,0.00,0.00,0.00,0.00
2025-08-17,17.4,1.40,1.40,0.00,0.00
2025-08-18,13.9,4.20,4.20,0.00,0.00
2025-08-19,16.6,0.50,0.50,0.00,0.00
2025-08-20,16.6,6.80,6.80,0.00,0.00
2025-08-21,14.2,9.00,9.00,0.00,0.00
2025-08-22,13.3,0.00,0.00,0.00,0.00
2025-08-23,14.0,0.00,0.00,0.00,0.00
2025-08-24,14.3,0.00,0.00,0.00,0.00
2025-08-25,12.5,1.50,1.50,0.00,0.00
2025-08-26,11.9,2.20,2.20,0.00,0.00
2025-08-27,12.3,1.00,1.00,0.00,0.00
2025-08-28,13.6,0.10,0.10,0.00,0.00
2025-08-29,15.7,0.90,0.90,0.00,0.00
2025-08-30,21.7,0.00,0.00,0.00,0.00
2025-08-31,21.6,0.00,0.00,0.00,0.00
2025-09-01,18.7,0.00,0.00,0.00,0.00
2025-09-02,15.1,0.00,0.00,0.00,0.00
2025-09-03,15.1,0.00,0.00,0.00,0.00
2025-09-04,14.7,0.10,0.10,0.00,0.00
2025-09-05,15.7,0.00,0.00,0.00,0.00
2025-09-06,16.2,0.00,0.00,0.00,0.00
2025-09-07,16.9,0.00,0.00,0.00,0.00
2025-09-08,17.0,0.00,0.00,0.00,0.00
2025-09-09,17.2,0.00,0.00,0.00,0.00
2025-09-10,14.8,0.00,0.00,0.00,0.00
2025-09-11,15.1,0.00,0.00,0.00,0.00
2025-09-12,14.4,0.00,0.00,0.00,0.00
2025-09-13,12.6,0.00,0.00,0.00,0.00
2025-09-14,13.2,0.00,0.00,0.00,0.00
2025-09-15,14.6,0.00,0.00,0.00,0.00
2025-09-16,16.1,0.00,0.00,0.00,0.00
2025-09-17,15.5,0.00,0.00,0.00,0.00
2025-09-18,13.8,0.40,0.40,0.00,0.00
2025-09-19,12.5,4.90,4.90,0.00,0.00
2025-09-20,13.2,0.40,0.40,0.00,0.00
2025-09-21,17.0,0.00,0.00,0.00,0.00
2025-09-22,19.9,0.00,0.00,0.00,0.00
2025-09-23,15.0,1.20,1.20,0.00,0.00
2025-09-24,8.9,0.10,0.10,0.00,0.00
2025-09-25,8.0,0.40,0.40,0.00,0.00
2025-09-26,8.8,0.00,0.00,0.00,0.00
2025-09-27,8.6,3.60,3.60,0.00,0.00
2025-09-28,7.1,1.20,1.20,0.00,0.00
2025-09-29,6.6,0.00,0.00,0.00,0.00
2025-09-30,5.1,0.00,0.00,0.00,0.00
2025-10-01,6.0,0.00,0.00,0.00,0.00
2025-10-02,7.2,0.00,0.00,0.00,0.00
2025-10-03,8.2,1.30,1.30,0.00,0.00
2025-10-04,9.2,0.00,0.00,0.00,0.00
2025-10-05,10.0,1.00,1.00,0.00,0.00
2025-10-06,11.1,3.30,3.30,0.00,0.00
2025-10-07,10.9,0.60,0.60,0.00,0.00
2025-10-08,11.1,0.00,0.00,0.00,0.00
2025-10-09,11.1,0.70,0.70,0.00,0.00
2025-10-10,10.0,1.50,1.50,0.00,0.00
2025-10-11,10.1,0.70,0.70,0.00,0.00
2025-10-12,7.2,1.00,1.00,0.00,0.00
2025-10-13,4.1,20.60,20.50,0.07,0.00
2025-10-14,4.4,5.10,5.10,0.00,0.00
2025-10-15,3.7,6.60,6.60,0.00,0.00
2025-10-16,3.7,0.50,0.50,0.00,0.00
2025-10-17,7.8,2.70,2.70,0.00,0.00
2025-10-18,6.0,0.20,0.20,0.00,0.00
2025-10-19,5.7,0.30,0.30,0.00,0.00
2025-10-20,6.0,0.40,0.40,0.00,0.00
2025-10-21,4.2,2.40,2.40,0.00,0.00
2025-10-22,5.1,0.00,0.00,0.00,0.00
2025-10-23,4.7,0.10,0.10,0.00,0.00
2025-10-24,7.0,1.90,1.90,0.00,0.00
2025-10-25,9.5,0.30,0.30,0.00,0.00
2025-10-26,7.3,4.70,4.70,0.00,0.00
2025-10-27,6.3,2.80,2.80,0.00,0.00
2025-10-28,6.3,6.90,6.90,0.00,0.00
2025-10-29,5.3,2.60,2.60,0.00,0.00
2025-10-30,5.6,0.00,0.00,0.00,0.00
2025-10-31,5.5,9.90,9.90,0.00,0.00
2025-11-01,5.4,0.00,0.00,0.00,0.00
2025-11-02,5.0,0.10,0.10,0.00,0.00
2025-11-03,6.0,1.80,1.80,0.00,0.00
2025-11-04,8.5,3.00,3.00,0.00,0.00
2025-11-05,6.4,0.00,0.00,0.00,0.00
2025-11-06,7.0,1.60,1.60,0.00,0.00
2025-11-07,8.5,1.60,1.60,0.00,0.00
2025-11-08,9.0,0.20,0.20,0.00,0.00
2025-11-09,5.8,0.00,0.00,0.00,0.00
2025-11-10,3.1,0.00,0.00,0.00,0.00
2025-11-11,3.6,0.00,0.00,0.00,0.00
2025-11-12,3.3,1.00,1.00,0.00,0.00
2025-11-13,4.7,0.10,0.10,0.00,0.00
2025-11-14,5.5,0.50,0.50,0.00,0.00
2025-11-15,0.4,12.80,5.60,5.04,0.05
2025-11-16,-3.8,0.00,0.00,0.00,0.04
2025-11-17,-0.4,2.90,2.90,0.00,0.04
2025-11-18,5.1,10.10,10.10,0.00,0.02
2025-11-19,0.3,0.00,0.00,0.00,0.02
2025-11-20,-0.4,0.00,0.00,0.00,0.02
2025-11-21,0.1,0.60,0.10,0.35,0.01
2025-11-22,0.9,4.60,1.80,1.96,0.01
2025-11-23,-0.3,0.10,0.00,0.07,0.01
2025-11-24,1.7,10.50,9.50,0.70,0.01
2025-11-25,0.2,0.00,0.00,0.00,0.02
2025-11-26,0.5,7.20,2.60,3.22,0.03
2025-11-27,3.7,6.30,6.30,0.00,0.03
2025-11-28,3.4,3.70,3.70,0.00,0.00
2025-11-29,0.2,0.00,0.00,0.00,0.00
2025-11-30,1.9,0.20,0.20,0.00,0.00
2025-12-01,0.7,0.00,0.00,0.00,0.00
2025-12-02,0.4,0.00,0.00,0.00,0.00
2025-12-03,0.8,0.00,0.00,0.00,0.00
2025-12-04,1.8,0.00,0.00,0.00,0.00
2025-12-05,2.0,0.00,0.00,0.00,0.00
2025-12-06,2.7,0.00,0.00,0.00,0.00
2025-12-07,0.8,0.00,0.00,0.00,0.00
2025-12-08,0.2,0.00,0.00,0.00,0.00
2025-12-09,-0.4,0.40,0.00,0.28,0.00
2025-12-10,-0.5,2.20,0.00,1.54,0.02
2025-12-11,2.0,4.20,4.20,0.00,0.02
2025-12-12,1.5,3.60,2.40,0.84,0.02
2025-12-13,-4.8,0.80,0.00,0.63,0.02
2025-12-14,-6.0,0.60,0.00,0.42,0.03
2025-12-15,-7.8,0.10,0.00,0.07,0.03
2025-12-16,-2.1,1.40,0.10,0.91,0.05
2025-12-17,1.2,0.10,0.10,0.00,0.04
2025-12-18,0.3,0.00,0.00,0.00,0.02
2025-12-19,-0.1,0.20,0.20,0.00,0.01
2025-12-20,-0.6,0.00,0.00,0.00,0.01
2025-12-21,0.1,0.50,0.10,0.35,0.01
2025-12-22,-0.5,1.70,0.60,0.77,0.01
2025-12-23,-11.6,0.00,0.00,0.00,0.02
2025-12-24,-12.2,0.70,0.00,0.56,0.03
2025-12-25,-2.6,3.60,0.00,2.59,0.04
2025-12-26,0.5,9.40,0.10,6.51,0.13
2025-12-27,-1.1,0.80,0.00,0.56,0.13
2025-12-28,-2.8,2.70,0.00,1.89,0.14
2025-12-29,-4.2,2.10,0.00,1.47,0.15
2025-12-30,-5.0,4.60,0.00,3.22,0.19
2025-12-31,-6.9,2.80,0.00,1.96,0.20
