date,t_mean,precip_mm,snow_cm,rain_day_mm,snow_day_cm,source
2025-01-01,-2.6,3.9,2.7,0.0,2.52,observed
2025-01-02,2.1,2.0,0.1,0.7,0.0,observed
2025-01-03,-3.7,3.5,2.0,0.0,0.28,observed
2025-01-04,-5.3,0.8,0.6,0.0,0.49,observed
2025-01-05,-4.9,0.5,0.4,0.0,0.21,observed
2025-01-06,-5.8,0.0,0.0,0.0,0.0,observed
2025-01-07,-2.1,6.1,2.4,1.0,1.75,observed
2025-01-08,2.1,1.0,0.0,0.8,0.0,observed
2025-01-09,-0.4,0.0,0.0,0.0,0.0,observed
2025-01-10,0.9,2.4,0.2,2.1,0.21,observed
2025-01-11,2.9,5.0,0.0,3.3,0.0,observed
2025-01-12,-1.1,0.0,0.0,0.0,0.0,observed
2025-01-13,-2.5,0.8,0.6,0.0,0.56,observed
2025-01-14,-5.0,2.0,1.3,0.1,1.33,observed
2025-01-15,-0.1,0.3,0.1,0.0,0.07,observed
2025-01-16,-1.3,3.8,2.3,0.5,2.31,observed
2025-01-17,2.4,0.0,0.0,0.0,0.0,observed
2025-01-18,1.2,1.8,0.1,1.5,0.07,observed
2025-01-19,-0.3,0.0,0.0,0.0,0.0,observed
2025-01-20,0.3,0.0,0.0,0.0,0.0,observed
2025-01-21,-5.7,0.0,0.0,0.0,0.0,observed
2025-01-22,-5.4,0.9,0.6,0.0,0.56,observed
2025-01-23,-2.6,0.0,0.0,0.0,0.0,observed
2025-01-24,-2.0,0.0,0.0,0.0,0.0,observed
2025-01-25,-0.5,0.0,0.0,0.0,0.0,observed
2025-01-26,1.7,0.9,0.5,0.0,0.0,observed
2025-01-27,3.4,2.4,0.0,0.2,0.0,observed
2025-01-28,3.5,0.1,0.0,0.1,0.0,observed
2025-01-29,3.4,0.1,0.0,0.1,0.0,observed
2025-01-30,4.6,0.1,0.0,0.0,0.0,observed
2025-01-31,3.3,0.0,0.0,0.0,0.0,observed
2025-02-01,2.5,1.4,0.0,0.7,0.0,observed
2025-02-02,0.4,0.4,0.3,0.0,0.28,observed
2025-02-03,-0.7,0.1,0.1,0.0,0.07,observed
2025-02-04,-1.8,0.0,0.0,0.0,0.0,observed
2025-02-05,-1.5,0.0,0.0,0.0,0.0,observed
2025-02-06,-1.5,0.0,0.0,0.0,0.0,observed
2025-02-07,-3.7,0.0,0.0,0.0,0.0,observed
2025-02-08,-4.0,0.0,0.0,0.0,0.0,observed
2025-02-09,-4.4,0.0,0.0,0.0,0.0,observed
2025-02-10,-5.0,0.0,0.0,0.0,0.0,observed
2025-02-11,-5.9,0.0,0.0,0.0,0.0,observed
2025-02-12,-6.8,0.0,0.0,0.0,0.0,observed
2025-02-13,-7.1,0.0,0.0,0.0,0.0,observed
2025-02-14,-6.9,0.2,0.2,0.0,0.21,observed
2025-02-15,-8.5,0.2,0.1,0.0,0.07,observed
2025-02-16,-10.7,0.5,0.4,0.0,0.21,observed
2025-02-17,-12.2,0.0,0.0,0.0,0.0,observed
2025-02-18,-10.9,0.3,0.2,0.0,0.21,observed
2025-02-19,-7.5,0.1,0.1,0.0,0.07,observed
2025-02-20,-9.2,0.0,0.0,0.0,0.0,observed
2025-02-21,-7.6,0.0,0.0,0.0,0.0,observed
2025-02-22,-7.4,0.0,0.0,0.0,0.0,observed
2025-02-23,-9.6,0.0,0.0,0.0,0.0,observed
2025-02-24,-10.5,0.0,0.0,0.0,0.0,observed
2025-02-25,-9.5,0.0,0.0,0.0,0.0,observed
2025-02-26,-6.6,0.0,0.0,0.0,0.0,observed
2025-02-27,-6.4,0.0,0.0,0.0,0.0,observed
2025-02-28,-4.2,0.0,0.0,0.0,0.0,observed
2025-03-01,-0.7,0.0,0.0,0.0,0.0,observed
2025-03-02,-1.1,0.4,0.3,0.0,0.21,observed
2025-03-03,-0.4,1.2,0.8,0.0,0.7,observed
2025-03-04,1.2,5.7,2.8,1.1,0.42,observed
2025-03-05,1.2,3.2,1.8,0.0,0.42,observed
2025-03-06,4.4,2.3,0.0,1.3,0.0,observed
2025-03-07,7.0,0.0,0.0,0.0,0.0,observed
2025-03-08,3.6,0.0,0.0,0.0,0.0,observed
2025-03-09,5.6,0.0,0.0,0.0,0.0,observed
2025-03-10,3.9,0.0,0.0,0.0,0.0,observed
2025-03-11,6.8,0.2,0.0,0.2,0.0,observed
2025-03-12,7.5,4.6,0.0,2.3,0.0,observed
2025-03-13,7.0,0.2,0.0,0.0,0.0,observed
2025-03-14,9.4,7.0,0.0,1.7,0.0,observed
2025-03-15,0.3,0.0,0.0,0.0,0.0,observed
2025-03-16,-0.1,0.0,0.0,0.0,0.0,observed
2025-03-17,-1.7,1.8,1.3,0.0,1.19,observed
2025-03-18,-2.3,0.0,0.0,0.0,0.0,observed
2025-03-19,-0.2,0.9,0.4,0.3,0.42,observed
2025-03-20,3.1,0.0,0.0,0.0,0.0,observed
2025-03-21,4.6,0.0,0.0,0.0,0.0,observed
2025-03-22,1.5,0.0,0.0,0.0,0.0,observed
2025-03-23,0.7,0.0,0.0,0.0,0.0,observed
2025-03-24,4.1,0.0,0.0,0.0,0.0,observed
2025-03-25,3.9,5.2,0.1,3.3,0.14,observed
2025-03-26,3.0,0.2,0.0,0.0,0.0,observed
2025-03-27,4.8,1.8,0.0,1.8,0.0,observed
2025-03-28,6.1,0.1,0.0,0.1,0.0,observed
2025-03-29,6.9,0.0,0.0,0.0,0.0,observed
2025-03-30,7.2,0.0,0.0,0.0,0.0,observed
2025-03-31,9.3,0.0,0.0,0.0,0.0,observed
2025-04-01,8.7,6.8,0.0,5.1,0.0,observed
2025-04-02,8.6,3.6,0.0,0.0,0.0,observed
2025-04-03,8.3,0.0,0.0,0.0,0.0,observed
2025-04-04,8.8,0.0,0.0,0.0,0.0,observed
2025-04-05,4.0,0.1,0.0,0.1,0.0,observed
2025-04-06,-1.9,11.6,8.1,0.0,5.18,observed
2025-04-07,-1.3,13.4,9.4,0.0,4.2,observed
2025-04-08,-1.4,7.3,5.0,0.1,3.85,observed
2025-04-09,-2.2,3.6,2.5,0.0,0.63,observed
2025-04-10,-1.9,1.0,0.7,0.0,0.7,observed
2025-04-11,-0.9,0.0,0.0,0.0,0.0,observed
2025-04-12,-0.1,1.2,0.8,0.0,0.0,observed
2025-04-13,3.0,2.4,1.7,0.0,0.0,observed
2025-04-14,6.3,0.0,0.0,0.0,0.0,observed
2025-04-15,11.5,0.0,0.0,0.0,0.0,observed
2025-04-16,13.3,0.0,0.0,0.0,0.0,observed
2025-04-17,12.9,0.0,0.0,0.0,0.0,observed
2025-04-18,16.3,0.4,0.0,0.4,0.0,observed
2025-04-19,18.1,1.2,0.0,0.0,0.0,observed
2025-04-20,18.3,0.0,0.0,0.0,0.0,observed
2025-04-21,18.5,0.0,0.0,0.0,0.0,observed
2025-04-22,18.1,0.1,0.0,0.1,0.0,observed
2025-04-23,18.2,0.3,0.0,0.3,0.0,observed
2025-04-24,14.9,0.0,0.0,0.0,0.0,observed
2025-04-25,12.8,3.3,0.0,3.3,0.0,observed
2025-04-26,4.5,0.0,0.0,0.0,0.0,observed
2025-04-27,2.6,0.3,0.2,0.0,0.21,observed
2025-04-28,5.1,0.0,0.0,0.0,0.0,observed
2025-04-29,7.9,3.0,0.0,2.7,0.0,observed
2025-04-30,8.1,1.8,0.0,1.2,0.0,observed
2025-05-01,6.4,21.1,0.0,18.4,0.0,observed
2025-05-02,3.8,9.3,4.9,0.4,0.84,observed
2025-05-03,8.1,0.4,0.0,0.3,0.0,observed
2025-05-04,11.9,7.7,0.0,2.0,0.0,observed
2025-05-05,11.3,3.5,0.0,0.6,0.0,observed
2025-05-06,6.8,0.4,0.0,0.0,0.0,observed
2025-05-07,9.4,0.1,0.0,0.1,0.0,observed
2025-05-08,6.6,0.2,0.0,0.1,0.0,observed
2025-05-09,6.0,0.0,0.0,0.0,0.0,observed
2025-05-10,5.9,1.8,0.0,1.8,0.0,observed
2025-05-11,5.1,1.2,0.0,1.2,0.0,observed
2025-05-12,5.0,4.0,0.1,2.5,0.0,observed
2025-05-13,6.3,7.1,0.0,5.8,0.0,observed
2025-05-14,8.8,0.9,0.0,0.7,0.0,observed
2025-05-15,11.4,0.1,0.0,0.1,0.0,observed
2025-05-16,15.5,0.0,0.0,0.0,0.0,observed
2025-05-17,16.3,0.0,0.0,0.0,0.0,observed
2025-05-18,16.1,1.4,0.0,1.1,0.0,observed
2025-05-19,13.9,1.9,0.0,1.6,0.0,observed
2025-05-20,12.6,6.3,0.0,1.9,0.0,observed
2025-05-21,14.6,0.8,0.0,0.8,0.0,observed
2025-05-22,16.4,0.0,0.0,0.0,0.0,observed
2025-05-23,20.2,0.0,0.0,0.0,0.0,observed
2025-05-24,22.5,0.0,0.0,0.0,0.0,observed
2025-05-25,23.2,0.0,0.0,0.0,0.0,observed
2025-05-26,23.2,0.0,0.0,0.0,0.0,observed
2025-05-27,22.9,0.0,0.0,0.0,0.0,observed
2025-05-28,22.4,0.0,0.0,0.0,0.0,observed
2025-05-29,23.8,0.1,0.0,0.1,0.0,observed
2025-05-30,23.0,0.5,0.0,0.0,0.0,observed
2025-05-31,21.0,3.5,0.0,1.9,0.0,observed
2025-06-01,18.3,0.1,0.0,0.1,0.0,observed
2025-06-02,17.8,0.0,0.0,0.0,0.0,observed
2025-06-03,19.5,0.1,0.0,0.1,0.0,observed
2025-06-04,18.7,0.4,0.0,0.4,0.0,observed
2025-06-05,20.0,0.0,0.0,0.0,0.0,observed
2025-06-06,21.6,2.7,0.0,2.7,0.0,observed
2025-06-07,22.8,3.3,0.0,3.3,0.0,observed
2025-06-08,22.1,1.9,0.0,1.9,0.0,observed
2025-06-09,22.1,1.7,0.0,1.7,0.0,observed
2025-06-10,17.3,0.0,0.0,0.0,0.0,observed
2025-06-11,16.3,0.0,0.0,0.0,0.0,observed
2025-06-12,17.8,3.7,0.0,0.2,0.0,observed
2025-06-13,16.4,10.4,0.0,9.5,0.0,observed
2025-06-14,14.5,10.0,0.0,7.4,0.0,observed
2025-06-15,15.0,5.7,0.0,2.4,0.0,observed
2025-06-16,18.4,0.0,0.0,0.0,0.0,observed
2025-06-17,17.8,5.2,0.0,5.2,0.0,observed
2025-06-18,16.5,4.1,0.0,3.8,0.0,observed
2025-06-19,15.1,4.7,0.0,4.4,0.0,observed
2025-06-20,13.6,7.8,0.0,7.8,0.0,observed
2025-06-21,13.8,0.1,0.0,0.0,0.0,observed
2025-06-22,13.2,2.6,0.0,2.6,0.0,observed
2025-06-23,15.3,0.0,0.0,0.0,0.0,observed
2025-06-24,16.3,1.9,0.0,1.8,0.0,observed
2025-06-25,15.9,1.8,0.0,1.8,0.0,observed
2025-06-26,15.7,1.1,0.0,1.1,0.0,observed
2025-06-27,14.6,0.0,0.0,0.0,0.0,observed
2025-06-28,16.6,0.0,0.0,0.0,0.0,observed
2025-06-29,16.9,7.7,0.0,6.1,0.0,observed
2025-06-30,12.5,8.3,0.0,7.7,0.0,observed
2025-07-01,12.9,7.6,0.0,4.2,0.0,observed
2025-07-02,15.5,1.5,0.0,1.3,0.0,observed
2025-07-03,20.0,0.0,0.0,0.0,0.0,observed
2025-07-04,20.9,1.5,0.0,1.5,0.0,observed
2025-07-05,16.7,0.0,0.0,0.0,0.0,observed
2025-07-06,16.5,0.1,0.0,0.1,0.0,observed
2025-07-07,21.9,0.1,0.0,0.1,0.0,observed
2025-07-08,24.9,1.6,0.0,1.6,0.0,observed
2025-07-09,25.7,1.5,0.0,1.5,0.0,observed
2025-07-10,27.9,0.0,0.0,0.0,0.0,observed
2025-07-11,29.0,0.0,0.0,0.0,0.0,observed
2025-07-12,29.0,0.6,0.0,0.6,0.0,observed
2025-07-13,26.4,3.1,0.0,3.1,0.0,observed
2025-07-14,23.8,1.8,0.0,1.5,0.0,observed
2025-07-15,22.3,9.0,0.0,9.0,0.0,observed
2025-07-16,21.0,7.4,0.0,7.4,0.0,observed
2025-07-17,21.2,5.6,0.0,4.1,0.0,observed
2025-07-18,21.6,0.0,0.0,0.0,0.0,observed
2025-07-19,21.3,1.4,0.0,1.3,0.0,observed
2025-07-20,21.9,0.6,0.0,0.5,0.0,observed
2025-07-21,18.9,31.2,0.0,17.9,0.0,observed
2025-07-22,19.5,3.2,0.0,2.2,0.0,observed
2025-07-23,20.4,1.4,0.0,1.4,0.0,observed
2025-07-24,21.3,3.0,0.0,3.0,0.0,observed
2025-07-25,22.6,0.0,0.0,0.0,0.0,observed
2025-07-26,20.9,0.0,0.0,0.0,0.0,observed
2025-07-27,22.5,0.0,0.0,0.0,0.0,observed
2025-07-28,25.0,0.0,0.0,0.0,0.0,observed
2025-07-29,25.6,0.2,0.0,0.2,0.0,observed
2025-07-30,25.4,0.1,0.0,0.1,0.0,observed
2025-07-31,25.6,0.1,0.0,0.1,0.0,observed
2025-08-01,22.1,18.3,0.0,16.5,0.0,observed
2025-08-02,20.9,1.1,0.0,0.7,0.0,observed
2025-08-03,21.1,0.2,0.0,0.2,0.0,observed
2025-08-04,19.7,21.7,0.0,20.0,0.0,observed
2025-08-05,20.5,7.4,0.0,3.0,0.0,observed
2025-08-06,21.0,0.0,0.0,0.0,0.0,observed
2025-08-07,18.1,5.2,0.0,5.2,0.0,observed
2025-08-08,17.1,0.1,0.0,0.1,0.0,observed
2025-08-09,15.9,10.3,0.0,10.3,0.0,observed
2025-08-10,17.3,0.1,0.0,0.1,0.0,observed
2025-08-11,16.6,1.9,0.0,1.9,0.0,observed
2025-08-12,16.6,5.0,0.0,5.0,0.0,observed
2025-08-13,16.7,1.0,0.0,1.0,0.0,observed
2025-08-14,15.1,0.5,0.0,0.5,0.0,observed
2025-08-15,18.2,0.0,0.0,0.0,0.0,observed
2025-08-16,18.2,0.0,0.0,0.0,0.0,observed
2025-08-17,17.4,1.4,0.0,0.3,0.0,observed
2025-08-18,13.9,4.2,0.0,4.1,0.0,observed
2025-08-19,16.6,0.5,0.0,0.5,0.0,observed
2025-08-20,16.6,6.8,0.0,4.4,0.0,observed
2025-08-21,14.2,9.0,0.0,4.7,0.0,observed
2025-08-22,13.3,0.0,0.0,0.0,0.0,observed
2025-08-23,14.0,0.0,0.0,0.0,0.0,observed
2025-08-24,14.3,0.0,0.0,0.0,0.0,observed
2025-08-25,12.5,1.5,0.0,1.5,0.0,observed
2025-08-26,11.9,2.2,0.0,1.6,0.0,observed
2025-08-27,12.3,1.0,0.0,1.0,0.0,observed
2025-08-28,13.6,0.1,0.0,0.1,0.0,observed
2025-08-29,15.7,0.9,0.0,0.1,0.0,observed
2025-08-30,21.7,0.0,0.0,0.0,0.0,observed
2025-08-31,21.6,0.0,0.0,0.0,0.0,observed
2025-09-01,18.7,0.0,0.0,0.0,0.0,observed
2025-09-02,15.1,0.0,0.0,0.0,0.0,observed
2025-09-03,15.1,0.0,0.0,0.0,0.0,observed
2025-09-04,14.7,0.1,0.0,0.1,0.0,observed
2025-09-05,15.7,0.0,0.0,0.0,0.0,observed
2025-09-06,16.2,0.0,0.0,0.0,0.0,observed
2025-09-07,16.9,0.0,0.0,0.0,0.0,observed
2025-09-08,17.0,0.0,0.0,0.0,0.0,observed
2025-09-09,17.2,0.0,0.0,0.0,0.0,observed
2025-09-10,14.8,0.0,0.0,0.0,0.0,observed
2025-09-11,15.1,0.0,0.0,0.0,0.0,observed
2025-09-12,14.4,0.0,0.0,0.0,0.0,observed
2025-09-13,12.6,0.0,0.0,0.0,0.0,observed
2025-09-14,13.2,0.0,0.0,0.0,0.0,observed
2025-09-15,14.6,0.0,0.0,0.0,0.0,observed
2025-09-16,16.1,0.0,0.0,0.0,0.0,observed
2025-09-17,15.5,0.0,0.0,0.0,0.0,observed
2025-09-18,13.8,0.4,0.0,0.0,0.0,observed
2025-09-19,12.5,4.9,0.0,2.8,0.0,observed
2025-09-20,13.2,0.4,0.0,0.0,0.0,observed
2025-09-21,17.0,0.0,0.0,0.0,0.0,observed
2025-09-22,19.9,0.0,0.0,0.0,0.0,observed
2025-09-23,15.0,1.2,0.0,1.2,0.0,observed
2025-09-24,8.9,0.1,0.0,0.1,0.0,observed
2025-09-25,8.0,0.4,0.0,0.4,0.0,observed
2025-09-26,8.8,0.0,0.0,0.0,0.0,observed
2025-09-27,8.6,3.6,0.0,3.6,0.0,observed
2025-09-28,7.1,1.2,0.0,0.3,0.0,observed
2025-09-29,6.6,0.0,0.0,0.0,0.0,observed
2025-09-30,5.1,0.0,0.0,0.0,0.0,observed
2025-10-01,6.0,0.0,0.0,0.0,0.0,observed
2025-10-02,7.2,0.0,0.0,0.0,0.0,observed
2025-10-03,8.2,1.3,0.0,0.0,0.0,observed
2025-10-04,9.2,0.0,0.0,0.0,0.0,observed
2025-10-05,10.0,1.0,0.0,0.5,0.0,observed
2025-10-06,11.1,3.3,0.0,1.9,0.0,observed
2025-10-07,10.9,0.6,0.0,0.6,0.0,observed
2025-10-08,11.1,0.0,0.0,0.0,0.0,observed
2025-10-09,11.1,0.7,0.0,0.7,0.0,observed
2025-10-10,10.0,1.5,0.0,0.4,0.0,observed
2025-10-11,10.1,0.7,0.0,0.0,0.0,observed
2025-10-12,7.2,1.0,0.0,0.6,0.0,observed
2025-10-13,4.1,20.6,0.1,9.1,0.07,observed
2025-10-14,4.4,5.1,0.0,2.8,0.0,observed
2025-10-15,3.7,6.6,0.0,4.4,0.0,observed
2025-10-16,3.7,0.5,0.0,0.4,0.0,observed
2025-10-17,7.8,2.7,0.0,2.6,0.0,observed
2025-10-18,6.0,0.2,0.0,0.0,0.0,observed
2025-10-19,5.7,0.3,0.0,0.1,0.0,observed
2025-10-20,6.0,0.4,0.0,0.0,0.0,observed
2025-10-21,4.2,2.4,0.0,0.7,0.0,observed
2025-10-22,5.1,0.0,0.0,0.0,0.0,observed
2025-10-23,4.7,0.1,0.0,0.1,0.0,observed
2025-10-24,7.0,1.9,0.0,1.0,0.0,observed
2025-10-25,9.5,0.3,0.0,0.0,0.0,observed
2025-10-26,7.3,4.7,0.0,1.3,0.0,observed
2025-10-27,6.3,2.8,0.0,0.9,0.0,observed
2025-10-28,6.3,6.9,0.0,2.2,0.0,observed
2025-10-29,5.3,2.6,0.0,1.1,0.0,observed
2025-10-30,5.6,0.0,0.0,0.0,0.0,observed
2025-10-31,5.5,9.9,0.0,9.9,0.0,observed
2025-11-01,5.4,0.0,0.0,0.0,0.0,observed
2025-11-02,5.0,0.1,0.0,0.1,0.0,observed
2025-11-03,6.0,1.8,0.0,1.8,0.0,observed
2025-11-04,8.5,3.0,0.0,2.7,0.0,observed
2025-11-05,6.4,0.0,0.0,0.0,0.0,observed
2025-11-06,7.0,1.6,0.0,1.5,0.0,observed
2025-11-07,8.5,1.6,0.0,0.5,0.0,observed
2025-11-08,9.0,0.2,0.0,0.0,0.0,observed
2025-11-09,5.8,0.0,0.0,0.0,0.0,observed
2025-11-10,3.1,0.0,0.0,0.0,0.0,observed
2025-11-11,3.6,0.0,0.0,0.0,0.0,observed
2025-11-12,3.3,1.0,0.0,1.0,0.0,observed
2025-11-13,4.7,0.1,0.0,0.0,0.0,observed
2025-11-14,5.5,0.5,0.0,0.3,0.0,observed
2025-11-15,0.4,12.8,5.0,0.2,3.43,observed
2025-11-16,-3.8,0.0,0.0,0.0,0.0,observed
2025-11-17,-0.4,2.9,0.0,2.9,0.0,observed
2025-11-18,5.1,10.1,0.0,4.3,0.0,observed
2025-11-19,0.3,0.0,0.0,0.0,0.0,observed
2025-11-20,-0.4,0.0,0.0,0.0,0.0,observed
2025-11-21,0.1,0.6,0.4,0.1,0.07,observed
2025-11-22,0.9,4.6,2.0,0.1,0.49,observed
2025-11-23,-0.3,0.1,0.1,0.0,0.0,observed
2025-11-24,1.7,10.5,0.7,3.2,0.07,observed
2025-11-25,0.2,0.0,0.0,0.0,0.0,observed
2025-11-26,0.5,7.2,3.2,1.6,1.61,observed
2025-11-27,3.7,6.3,0.0,3.6,0.0,observed
2025-11-28,3.4,3.7,0.0,0.0,0.0,observed
2025-11-29,0.2,0.0,0.0,0.0,0.0,observed
2025-11-30,1.9,0.2,0.0,0.0,0.0,observed
2025-12-01,0.7,0.0,0.0,0.0,0.0,observed
2025-12-02,0.4,0.0,0.0,0.0,0.0,observed
2025-12-03,0.8,0.0,0.0,0.0,0.0,observed
2025-12-04,1.8,0.0,0.0,0.0,0.0,observed
2025-12-05,2.0,0.0,0.0,0.0,0.0,observed
2025-12-06,2.7,0.0,0.0,0.0,0.0,observed
2025-12-07,0.8,0.0,0.0,0.0,0.0,observed
2025-12-08,0.2,0.0,0.0,0.0,0.0,observed
2025-12-09,-0.4,0.4,0.3,0.0,0.0,observed
2025-12-10,-0.5,2.2,1.5,0.0,0.42,observed
2025-12-11,2.0,4.2,0.0,4.1,0.0,observed
2025-12-12,1.5,3.6,0.8,2.2,0.7,observed
2025-12-13,-4.8,0.8,0.6,0.0,0.35,observed
2025-12-14,-6.0,0.6,0.4,0.0,0.07,observed
2025-12-15,-7.8,0.1,0.1,0.0,0.07,observed
2025-12-16,-2.1,1.4,0.9,0.1,0.91,observed
2025-12-17,1.2,0.1,0.0,0.0,0.0,observed
2025-12-18,0.3,0.0,0.0,0.0,0.0,observed
2025-12-19,-0.1,0.2,0.0,0.2,0.0,observed
2025-12-20,-0.6,0.0,0.0,0.0,0.0,observed
2025-12-21,0.1,0.5,0.4,0.0,0.14,observed
2025-12-22,-0.5,1.7,0.8,0.4,0.28,observed
2025-12-23,-11.6,0.0,0.0,0.0,0.0,observed
2025-12-24,-12.2,0.7,0.6,0.0,0.42,observed
2025-12-25,-2.6,3.6,2.6,0.0,1.12,observed
2025-12-26,0.5,9.4,6.5,0.0,3.15,observed
2025-12-27,-1.1,0.8,0.6,0.0,0.14,observed
2025-12-28,-2.8,2.7,1.9,0.0,1.19,observed
2025-12-29,-4.2,2.1,1.5,0.0,1.12,observed
2025-12-30,-5.0,4.6,3.2,0.0,2.31,observed
2025-12-31,-6.9,2.8,2.0,0.0,0.77,observed
2026-01-01,-3.6,2.3,0.5,0.9,0.31,climate
2026-01-02,-6.2,2.1,0.9,0.5,0.56,climate
2026-01-03,-7.6,1.9,1.0,0.3,0.6,climate
2026-01-04,-8.4,1.2,0.8,0.0,0.49,climate
2026-01-05,-8.3,1.3,0.9,0.0,0.53,climate
2026-01-06,-9.7,0.7,0.5,0.0,0.29,climate
2026-01-07,-12.6,1.0,0.7,0.0,0.44,climate
2026-01-08,-10.4,0.4,0.3,0.0,0.18,climate
2026-01-09,-7.9,2.2,1.6,0.0,0.94,climate
2026-01-10,-8.1,1.9,1.4,0.0,0.82,climate
2026-01-11,-8.3,2.6,1.8,0.0,1.08,climate
2026-01-12,-10.9,0.2,0.2,0.0,0.09,climate
2026-01-13,-11.5,0.7,0.4,0.0,0.26,climate
2026-01-14,-7.5,2.7,1.8,0.1,1.06,climate
2026-01-15,-5.6,1.4,0.5,0.4,0.33,climate
2026-01-16,-5.3,2.4,1.7,0.1,1.0,climate
2026-01-17,-6.8,1.4,1.0,0.0,0.59,climate
2026-01-18,-8.3,2.7,1.8,0.1,1.09,climate
2026-01-19,-6.7,2.0,0.7,0.6,0.41,climate
2026-01-20,-4.5,0.8,0.3,0.3,0.15,climate
2026-01-21,-6.8,2.2,1.1,0.4,0.65,climate
2026-01-22,-5.3,0.7,0.5,0.0,0.29,climate
2026-01-23,-3.8,0.7,0.5,0.0,0.31,climate
2026-01-24,-2.9,0.9,0.5,0.1,0.29,climate
2026-01-25,-2.6,1.6,1.0,0.2,0.57,climate
2026-01-26,-2.9,1.5,1.0,0.0,0.6,climate
2026-01-27,-4.1,0.7,0.3,0.1,0.2,climate
2026-01-28,-5.0,2.4,1.7,0.0,1.02,climate
2026-01-29,-3.4,1.5,1.0,0.0,0.63,climate
2026-01-30,-2.6,1.5,1.1,0.0,0.65,climate
2026-01-31,-3.0,1.7,1.2,0.0,0.73,climate
2026-02-01,-2.0,0.9,0.6,0.0,0.36,climate
2026-02-02,-3.5,2.1,1.2,0.2,0.73,climate
2026-02-03,-4.1,1.4,0.8,0.1,0.48,climate
2026-02-04,-3.3,2.3,1.6,0.0,0.95,climate
2026-02-05,-6.9,0.9,0.6,0.0,0.37,climate
2026-02-06,-8.6,1.1,0.8,0.0,0.45,climate
2026-02-07,-9.6,2.0,1.4,0.0,0.83,climate
2026-02-08,-10.2,0.2,0.2,0.0,0.1,climate
2026-02-09,-8.6,0.7,0.5,0.0,0.3,climate
2026-02-10,-8.2,0.7,0.5,0.0,0.28,climate
2026-02-11,-6.8,1.8,1.2,0.0,0.71,climate
2026-02-12,-5.3,3.7,2.2,0.3,1.3,climate
2026-02-13,-6.2,3.4,2.4,0.0,1.41,climate
2026-02-14,-6.4,0.6,0.4,0.0,0.27,climate
2026-02-15,-8.4,2.3,1.6,0.0,0.95,climate
2026-02-16,-7.8,0.8,0.5,0.0,0.33,climate
2026-02-17,-4.9,0.9,0.3,0.3,0.2,climate
2026-02-18,-4.4,1.8,0.8,0.3,0.5,climate
2026-02-19,-6.1,1.6,1.0,0.1,0.59,climate
2026-02-20,-6.3,0.7,0.4,0.1,0.27,climate
2026-02-21,-6.4,1.3,0.9,0.0,0.52,climate
2026-02-22,-6.0,0.9,0.2,0.3,0.14,climate
2026-02-23,-7.2,1.7,1.1,0.0,0.69,climate
2026-02-24,-5.0,1.4,1.0,0.0,0.6,climate
2026-02-25,-1.6,1.6,1.0,0.1,0.6,climate
2026-02-26,-0.5,1.5,0.6,0.3,0.37,climate
2026-02-27,-2.3,0.7,0.1,0.3,0.08,climate
2026-02-28,-3.3,0.2,0.1,0.0,0.07,climate
2026-03-01,-3.4,0.1,0.1,0.0,0.03,climate
2026-03-02,-1.5,0.1,0.1,0.0,0.04,climate
2026-03-03,-1.5,1.3,0.2,0.7,0.1,climate
2026-03-04,-2.0,1.7,0.7,0.4,0.42,climate
2026-03-05,-2.9,0.6,0.5,0.0,0.28,climate
2026-03-06,-4.0,0.1,0.1,0.0,0.06,climate
2026-03-07,-3.3,1.8,1.2,0.0,0.71,climate
2026-03-08,-4.0,1.2,0.8,0.1,0.46,climate
2026-03-09,-5.4,0.5,0.1,0.2,0.08,climate
2026-03-10,-8.0,0.0,0.0,0.0,0.0,climate
2026-03-11,-7.4,3.3,0.3,1.7,0.2,climate
2026-03-12,-3.3,4.2,0.6,2.0,0.35,climate
2026-03-13,-1.9,1.0,0.5,0.2,0.31,climate
2026-03-14,-0.1,1.6,0.4,0.6,0.22,climate
2026-03-15,-0.4,1.4,0.5,0.4,0.33,climate
2026-03-16,-2.3,1.1,0.5,0.3,0.28,climate
2026-03-17,-1.8,0.0,0.0,0.0,0.0,climate
2026-03-18,-1.7,0.2,0.1,0.0,0.07,climate
2026-03-19,-0.9,0.1,0.0,0.0,0.03,climate
2026-03-20,-0.2,0.1,0.0,0.0,0.02,climate
2026-03-21,-0.3,0.4,0.1,0.1,0.08,climate
2026-03-22,-0.6,0.1,0.0,0.0,0.03,climate
2026-03-23,-1.2,0.0,0.0,0.0,0.01,climate
2026-03-24,0.3,1.9,0.0,1.1,0.0,climate
2026-03-25,1.2,1.0,0.0,0.6,0.01,climate
2026-03-26,2.1,2.4,0.1,1.3,0.08,climate
2026-03-27,1.6,0.4,0.2,0.0,0.12,climate
2026-03-28,1.4,1.3,0.7,0.2,0.39,climate
2026-03-29,2.4,0.9,0.1,0.5,0.04,climate
2026-03-30,2.3,0.8,0.1,0.4,0.06,climate
2026-03-31,1.6,2.0,0.5,0.8,0.32,climate
2026-04-01,2.6,2.7,1.0,0.8,0.62,climate
2026-04-02,3.8,3.7,2.1,0.4,1.27,climate
2026-04-03,4.5,1.3,0.7,0.1,0.45,climate
2026-04-04,4.4,0.3,0.0,0.2,0.0,climate
2026-04-05,3.4,0.3,0.1,0.1,0.03,climate
2026-04-06,2.6,0.7,0.4,0.0,0.24,climate
2026-04-07,2.9,1.3,0.3,0.6,0.16,climate
2026-04-08,5.1,2.4,0.8,0.8,0.47,climate
2026-04-09,7.4,1.4,0.0,0.8,0.0,climate
2026-04-10,8.0,1.4,0.0,0.8,0.0,climate
2026-04-11,8.1,2.3,0.1,1.3,0.06,climate
2026-04-12,7.7,1.2,0.2,0.6,0.09,climate
2026-04-13,8.1,0.3,0.0,0.2,0.0,climate
2026-04-14,7.8,0.0,0.0,0.0,0.0,climate
2026-04-15,7.2,1.7,0.0,1.0,0.0,climate
2026-04-16,6.0,1.5,0.0,0.9,0.02,climate
2026-04-17,6.5,1.5,0.2,0.8,0.09,climate
2026-04-18,6.9,1.7,0.0,1.0,0.01,climate
2026-04-19,6.9,1.1,0.0,0.6,0.02,climate
2026-04-20,6.7,2.1,0.0,1.2,0.02,climate
2026-04-21,5.8,3.4,0.4,1.7,0.26,climate
2026-04-22,7.9,0.4,0.0,0.3,0.0,climate
2026-04-23,9.3,1.4,0.0,0.8,0.02,climate
2026-04-24,7.7,3.1,0.1,1.7,0.08,climate
2026-04-25,7.8,0.5,0.0,0.3,0.0,climate
2026-04-26,9.0,1.9,0.0,1.1,0.0,climate
2026-04-27,8.6,2.8,0.1,1.6,0.07,climate
2026-04-28,7.3,4.4,0.0,2.6,0.0,climate
2026-04-29,6.7,2.9,0.0,1.7,0.0,climate
2026-04-30,8.2,2.3,0.0,1.4,0.0,climate
2026-05-01,8.3,0.7,0.0,0.4,0.0,climate
2026-05-02,9.1,0.1,0.0,0.0,0.0,climate
2026-05-03,10.0,2.7,0.0,1.6,0.0,climate
2026-05-04,8.1,1.1,0.1,0.6,0.03,climate
2026-05-05,7.9,1.7,0.0,1.0,0.0,climate
2026-05-06,9.6,2.5,0.0,1.4,0.03,climate
2026-05-07,8.9,1.8,0.0,1.1,0.0,climate
2026-05-08,8.7,7.6,0.5,4.1,0.3,climate
2026-05-09,6.7,2.3,0.2,1.2,0.14,climate
2026-05-10,7.7,0.6,0.2,0.2,0.14,climate
2026-05-11,11.0,1.0,0.0,0.6,0.0,climate
2026-05-12,12.6,2.0,0.0,1.2,0.0,climate
2026-05-13,12.3,0.5,0.0,0.3,0.0,climate
2026-05-14,10.3,0.2,0.0,0.1,0.0,climate
2026-05-15,11.3,0.4,0.0,0.2,0.0,climate
2026-05-16,11.8,0.6,0.0,0.3,0.0,climate
2026-05-17,13.6,1.7,0.0,1.0,0.0,climate
2026-05-18,15.2,0.9,0.0,0.5,0.0,climate
2026-05-19,13.1,2.2,0.0,1.3,0.0,climate
2026-05-20,11.3,1.2,0.0,0.7,0.0,climate
2026-05-21,12.1,1.0,0.0,0.6,0.0,climate
2026-05-22,11.8,3.5,0.0,2.1,0.0,climate
2026-05-23,12.4,1.2,0.0,0.7,0.0,climate
2026-05-24,12.0,0.8,0.0,0.5,0.0,climate
2026-05-25,12.5,1.3,0.0,0.8,0.0,climate
2026-05-26,15.5,1.5,0.0,0.9,0.0,climate
2026-05-27,15.1,5.8,0.0,3.5,0.0,climate
2026-05-28,13.9,2.3,0.0,1.4,0.0,climate
2026-05-29,14.8,3.1,0.0,1.9,0.0,climate
2026-05-30,15.2,4.8,0.0,2.9,0.0,climate
2026-05-31,15.1,3.9,0.0,2.3,0.0,climate
2026-06-01,15.3,6.4,0.0,3.8,0.0,climate
2026-06-02,16.2,1.1,0.0,0.6,0.0,climate
2026-06-03,14.4,3.8,0.0,2.3,0.0,climate
2026-06-04,14.8,3.3,0.0,2.0,0.0,climate
2026-06-05,15.6,6.2,0.0,3.7,0.0,climate
2026-06-06,16.5,1.1,0.0,0.7,0.0,climate
2026-06-07,17.1,1.3,0.0,0.8,0.0,climate
2026-06-08,18.1,1.6,0.0,0.9,0.0,climate
2026-06-09,18.8,1.4,0.0,0.9,0.0,climate
2026-06-10,17.8,2.0,0.0,1.2,0.0,climate
2026-06-11,17.6,2.5,0.0,1.5,0.0,climate
2026-06-12,19.2,6.9,0.0,4.2,0.0,climate
2026-06-13,18.9,5.3,0.0,3.2,0.0,climate
2026-06-14,18.1,5.3,0.0,3.2,0.0,climate
2026-06-15,18.0,0.4,0.0,0.2,0.0,climate
2026-06-16,18.9,0.1,0.0,0.0,0.0,climate
2026-06-17,19.3,2.1,0.0,1.3,0.0,climate
2026-06-18,19.7,2.8,0.0,1.7,0.0,climate
2026-06-19,20.3,0.7,0.0,0.4,0.0,climate
2026-06-20,20.4,0.5,0.0,0.3,0.0,climate
2026-06-21,19.5,4.4,0.0,2.6,0.0,climate
2026-06-22,18.9,0.9,0.0,0.5,0.0,climate
2026-06-23,19.4,0.5,0.0,0.3,0.0,climate
2026-06-24,19.7,0.2,0.0,0.1,0.0,climate
2026-06-25,20.6,0.3,0.0,0.2,0.0,climate
2026-06-26,21.5,0.1,0.0,0.0,0.0,climate
2026-06-27,21.9,0.3,0.0,0.2,0.0,climate
2026-06-28,21.3,1.9,0.0,1.1,0.0,climate
2026-06-29,19.3,3.1,0.0,1.9,0.0,climate
2026-06-30,18.7,1.3,0.0,0.8,0.0,climate
2026-07-01,19.7,1.2,0.0,0.7,0.0,climate
2026-07-02,20.4,1.8,0.0,1.1,0.0,climate
2026-07-03,21.6,0.9,0.0,0.5,0.0,climate
2026-07-04,22.2,0.9,0.0,0.5,0.0,climate
2026-07-05,22.4,2.4,0.0,1.4,0.0,climate
2026-07-06,22.2,3.5,0.0,2.1,0.0,climate
2026-07-07,22.3,3.0,0.0,1.8,0.0,climate
2026-07-08,21.6,1.8,0.0,1.1,0.0,climate
2026-07-09,21.7,3.6,0.0,2.2,0.0,climate
2026-07-10,21.0,2.9,0.0,1.7,0.0,climate
2026-07-11,20.9,0.4,0.0,0.2,0.0,climate
2026-07-12,20.6,1.3,0.0,0.8,0.0,climate
2026-07-13,20.9,3.4,0.0,2.0,0.0,climate
2026-07-14,20.8,1.8,0.0,1.1,0.0,climate
2026-07-15,20.2,6.3,0.0,3.8,0.0,climate
2026-07-16,20.8,2.1,0.0,1.3,0.0,climate
2026-07-17,20.7,1.9,0.0,1.2,0.0,climate
2026-07-18,20.6,2.3,0.0,1.4,0.0,climate
2026-07-19,19.5,2.1,0.0,1.3,0.0,climate
2026-07-20,18.7,4.0,0.0,2.4,0.0,climate
2026-07-21,18.3,4.3,0.0,2.6,0.0,climate
2026-07-22,18.6,1.9,0.0,1.1,0.0,climate
2026-07-23,18.4,4.4,0.0,2.6,0.0,climate
2026-07-24,17.7,1.1,0.0,0.6,0.0,climate
2026-07-25,18.4,1.8,0.0,1.1,0.0,climate
2026-07-26,19.9,2.2,0.0,1.3,0.0,climate
2026-07-27,20.7,4.8,0.0,2.9,0.0,climate
2026-07-28,20.5,4.2,0.0,2.5,0.0,climate
2026-07-29,19.6,5.0,0.0,3.0,0.0,climate
2026-07-30,19.3,4.4,0.0,2.7,0.0,climate
2026-07-31,18.9,1.4,0.0,0.9,0.0,climate
2026-08-01,18.5,1.0,0.0,0.6,0.0,climate
2026-08-02,19.2,2.0,0.0,1.2,0.0,climate
2026-08-03,19.5,0.4,0.0,0.2,0.0,climate
2026-08-04,19.7,0.2,0.0,0.1,0.0,climate
2026-08-05,20.1,0.4,0.0,0.2,0.0,climate
2026-08-06,21.1,1.3,0.0,0.8,0.0,climate
2026-08-07,21.9,1.3,0.0,0.8,0.0,climate
2026-08-08,20.4,1.6,0.0,1.0,0.0,climate
2026-08-09,19.6,5.4,0.0,3.3,0.0,climate
2026-08-10,19.5,2.1,0.0,1.3,0.0,climate
2026-08-11,19.5,4.9,0.0,3.0,0.0,climate
2026-08-12,18.9,6.4,0.0,3.9,0.0,climate
2026-08-13,17.3,1.3,0.0,0.8,0.0,climate
2026-08-14,17.6,1.8,0.0,1.1,0.0,climate
2026-08-15,18.5,0.1,0.0,0.1,0.0,climate
2026-08-16,18.7,0.0,0.0,0.0,0.0,climate
2026-08-17,20.0,0.5,0.0,0.3,0.0,climate
2026-08-18,21.2,0.7,0.0,0.4,0.0,climate
2026-08-19,20.0,0.4,0.0,0.2,0.0,climate
2026-08-20,19.2,1.3,0.0,0.8,0.0,climate
2026-08-21,18.4,2.3,0.0,1.4,0.0,climate
2026-08-22,17.8,0.2,0.0,0.1,0.0,climate
2026-08-23,18.3,0.4,0.0,0.2,0.0,climate
2026-08-24,18.1,3.4,0.0,2.1,0.0,climate
2026-08-25,17.6,0.2,0.0,0.1,0.0,climate
2026-08-26,18.7,0.5,0.0,0.3,0.0,climate
2026-08-27,18.8,3.2,0.0,1.9,0.0,climate
2026-08-28,18.8,0.2,0.0,0.1,0.0,climate
2026-08-29,18.1,1.2,0.0,0.7,0.0,climate
2026-08-30,18.2,1.8,0.0,1.1,0.0,climate
2026-08-31,18.5,0.5,0.0,0.3,0.0,climate
2026-09-01,18.2,2.8,0.0,1.7,0.0,climate
2026-09-02,15.9,1.5,0.0,0.9,0.0,climate
2026-09-03,14.4,1.2,0.0,0.7,0.0,climate
2026-09-04,14.0,0.6,0.0,0.3,0.0,climate
2026-09-05,13.6,0.5,0.0,0.3,0.0,climate
2026-09-06,12.9,0.2,0.0,0.1,0.0,climate
2026-09-07,13.1,1.3,0.0,0.8,0.0,climate
2026-09-08,13.5,0.7,0.0,0.4,0.0,climate
2026-09-09,13.3,2.0,0.0,1.2,0.0,climate
2026-09-10,13.5,1.0,0.0,0.6,0.0,climate
2026-09-11,13.7,1.2,0.0,0.7,0.0,climate
2026-09-12,14.6,0.4,0.0,0.2,0.0,climate
2026-09-13,15.1,0.4,0.0,0.2,0.0,climate
2026-09-14,14.5,1.2,0.0,0.7,0.0,climate
2026-09-15,13.2,1.5,0.0,0.9,0.0,climate
2026-09-16,12.5,1.5,0.0,0.9,0.0,climate
2026-09-17,11.5,0.1,0.0,0.0,0.0,climate
2026-09-18,12.6,3.7,0.0,2.2,0.0,climate
2026-09-19,11.7,2.5,0.0,1.5,0.0,climate
2026-09-20,12.1,2.7,0.0,1.6,0.0,climate
2026-09-21,11.3,3.6,0.0,2.2,0.0,climate
2026-09-22,12.0,1.4,0.0,0.8,0.0,climate
2026-09-23,12.1,1.3,0.0,0.8,0.0,climate
2026-09-24,11.8,5.3,0.0,3.2,0.0,climate
2026-09-25,11.4,3.0,0.0,1.8,0.0,climate
2026-09-26,11.5,1.7,0.0,1.0,0.0,climate
2026-09-27,11.7,0.2,0.0,0.1,0.0,climate
2026-09-28,12.0,1.6,0.0,1.0,0.0,climate
2026-09-29,11.9,1.1,0.0,0.7,0.0,climate
2026-09-30,12.4,1.9,0.0,1.1,0.0,climate
2026-10-01,11.0,2.6,0.0,1.6,0.0,climate
2026-10-02,10.3,0.6,0.0,0.3,0.0,climate
2026-10-03,10.8,2.5,0.0,1.5,0.0,climate
2026-10-04,10.9,1.0,0.0,0.6,0.0,climate
2026-10-05,9.8,2.3,0.0,1.4,0.0,climate
2026-10-06,9.8,0.8,0.0,0.5,0.0,climate
2026-10-07,8.6,4.4,0.1,2.6,0.05,climate
2026-10-08,9.0,3.6,0.1,2.1,0.04,climate
2026-10-09,8.7,3.5,0.0,2.1,0.03,climate
2026-10-10,6.8,2.2,0.1,1.3,0.03,climate
2026-10-11,6.5,0.5,0.0,0.3,0.0,climate
2026-10-12,8.1,0.7,0.0,0.4,0.0,climate
2026-10-13,8.9,0.4,0.0,0.3,0.0,climate
2026-10-14,8.2,3.3,0.0,2.0,0.0,climate
2026-10-15,7.9,5.7,1.5,2.1,0.92,climate
2026-10-16,7.7,2.9,0.2,1.6,0.1,climate
2026-10-17,5.5,1.8,0.1,1.0,0.04,climate
2026-10-18,4.5,2.8,0.0,1.7,0.0,climate
2026-10-19,4.0,3.0,0.0,1.8,0.0,climate
2026-10-20,3.3,0.9,0.1,0.4,0.06,climate
2026-10-21,4.8,1.1,0.0,0.7,0.0,climate
2026-10-22,4.9,0.6,0.1,0.3,0.03,climate
2026-10-23,5.3,3.2,0.0,1.9,0.01,climate
2026-10-24,5.7,2.3,0.2,1.2,0.09,climate
2026-10-25,3.0,1.1,0.0,0.6,0.0,climate
2026-10-26,2.8,0.3,0.1,0.1,0.05,climate
2026-10-27,3.0,1.9,1.3,0.0,0.8,climate
2026-10-28,4.9,1.9,0.9,0.4,0.52,climate
2026-10-29,5.1,1.9,0.3,0.9,0.16,climate
2026-10-30,5.4,2.5,0.6,0.9,0.39,climate
2026-10-31,4.4,1.5,0.2,0.7,0.13,climate
